StartDate,EndDate,Status,IPAddress,Progress,Duration (in seconds),Finished,RecordedDate,ResponseId,RecipientLastName,RecipientFirstName,RecipientEmail,ExternalReference,LocationLatitude,LocationLongitude,DistributionChannel,UserLanguage,性別,年齢,PracticeHA_1,PracticeHA_2,PracticeHA_3,PracticeHA_4,PracticeHA_5,PracticeHA_6,PracticeAN_1,PracticeAN_2,PracticeAN_3,PracticeAN_4,PracticeAN_5,PracticeAN_6,Prototype an_1,Prototype an_2,Prototype an_3,Prototype an_4,Prototype an_5,Prototype an_6,Prototype an 2_1,Prototype an 2_2,Prototype an 2_3,Prototype an 2_4,Prototype an 2_5,Prototype an 2_6,Prototype hot an_1,Prototype hot an_2,Prototype hot an_3,Prototype hot an_4,Prototype hot an_5,Prototype hot an_6,Prototype hot an 2_1,Prototype hot an 2_2,Prototype hot an 2_3,Prototype hot an 2_4,Prototype hot an 2_5,Prototype hot an 2_6,BO an 1_1,BO an 1_2,BO an 1_3,BO an 1_4,BO an 1_5,BO an 1_6,BO an 2_1,BO an 2_2,BO an 2_3,BO an 2_4,BO an 2_5,BO an 2_6,BO an 3_1,BO an 3_2,BO an 3_3,BO an 3_4,BO an 3_5,BO an 3_6,BO an 4_1,BO an 4_2,BO an 4_3,BO an 4_4,BO an 4_5,BO an 4_6,Prototype di_1,Prototype di_2,Prototype di_3,Prototype di_4,Prototype di_5,Prototype di_6,Prototype di 2_1,Prototype di 2_2,Prototype di 2_3,Prototype di 2_4,Prototype di 2_5,Prototype di 2_6,Prototype hot di_1,Prototype hot di_2,Prototype hot di_3,Prototype hot di_4,Prototype hot di_5,Prototype hot di_6,Prototype hot di 2_1,Prototype hot di 2_2,Prototype hot di 2_3,Prototype hot di 2_4,Prototype hot di 2_5,Prototype hot di 2_6,BO di 1_1,BO di 1_2,BO di 1_3,BO di 1_4,BO di 1_5,BO di 1_6,BO di 2_1,BO di 2_2,BO di 2_3,BO di 2_4,BO di 2_5,BO di 2_6,BO di 3_1,BO di 3_2,BO di 3_3,BO di 3_4,BO di 3_5,BO di 3_6,BO di 4_1,BO di 4_2,BO di 4_3,BO di 4_4,BO di 4_5,BO di 4_6,Prototype fe_1,Prototype fe_2,Prototype fe_3,Prototype fe_4,Prototype fe_5,Prototype fe_6,Prototype fe 2_1,Prototype fe 2_2,Prototype fe 2_3,Prototype fe 2_4,Prototype fe 2_5,Prototype fe 2_6,Prototype hot fe_1,Prototype hot fe_2,Prototype hot fe_3,Prototype hot fe_4,Prototype hot fe_5,Prototype hot fe_6,Prototype hot fe 2_1,Prototype hot fe 2_2,Prototype hot fe 2_3,Prototype hot fe 2_4,Prototype hot fe 2_5,Prototype hot fe 2_6,BO fe 1_1,BO fe 1_2,BO fe 1_3,BO fe 1_4,BO fe 1_5,BO fe 1_6,BO fe 2_1,BO fe 2_2,BO fe 2_3,BO fe 2_4,BO fe 2_5,BO fe 2_6,BO fe 3_1,BO fe 3_2,BO fe 3_3,BO fe 3_4,BO fe 3_5,BO fe 3_6,BO fe 4_1,BO fe 4_2,BO fe 4_3,BO fe 4_4,BO fe 4_5,BO fe 4_6,Prototype ha_1,Prototype ha_2,Prototype ha_3,Prototype ha_4,Prototype ha_5,Prototype ha_6,Prototype ha 2_1,Prototype ha 2_2,Prototype ha 2_3,Prototype ha 2_4,Prototype ha 2_5,Prototype ha 2_6,Prototype hot ha_1,Prototype hot ha_2,Prototype hot ha_3,Prototype hot ha_4,Prototype hot ha_5,Prototype hot ha_6,Prototype hot ha 2_1,Prototype hot ha 2_2,Prototype hot ha 2_3,Prototype hot ha 2_4,Prototype hot ha 2_5,Prototype hot ha 2_6,BO ha 1_1,BO ha 1_2,BO ha 1_3,BO ha 1_4,BO ha 1_5,BO ha 1_6,BO ha 2_1,BO ha 2_2,BO ha 2_3,BO ha 2_4,BO ha 2_5,BO ha 2_6,BO ha 3_1,BO ha 3_2,BO ha 3_3,BO ha 3_4,BO ha 3_5,BO ha 3_6,BO ha 4_1,BO ha 4_2,BO ha 4_3,BO ha 4_4,BO ha 4_5,BO ha 4_6,Prototype sa_1,Prototype sa_2,Prototype sa_3,Prototype sa_4,Prototype sa_5,Prototype sa_6,Prototype sa 2_1,Prototype sa 2_2,Prototype sa 2_3,Prototype sa 2_4,Prototype sa 2_5,Prototype sa 2_6,Prototype hot sa_1,Prototype hot sa_2,Prototype hot sa_3,Prototype hot sa_4,Prototype hot sa_5,Prototype hot sa_6,Prototype hot sa 2_1,Prototype hot sa 2_2,Prototype hot sa 2_3,Prototype hot sa 2_4,Prototype hot sa 2_5,Prototype hot sa 2_6,BO sa 1_1,BO sa 1_2,BO sa 1_3,BO sa 1_4,BO sa 1_5,BO sa 1_6,BO sa 2_1,BO sa 2_2,BO sa 2_3,BO sa 2_4,BO sa 2_5,BO sa 2_6,BO sa 3_1,BO sa 3_2,BO sa 3_3,BO sa 3_4,BO sa 3_5,BO sa 3_6,BO sa 4_1,BO sa 4_2,BO sa 4_3,BO sa 4_4,BO sa 4_5,BO sa 4_6,Prototype su_1,Prototype su_2,Prototype su_3,Prototype su_4,Prototype su_5,Prototype su_6,Prototype su 2_1,Prototype su 2_2,Prototype su 2_3,Prototype su 2_4,Prototype su 2_5,Prototype su 2_6,Prototype hot su_1,Prototype hot su_2,Prototype hot su_3,Prototype hot su_4,Prototype hot su_5,Prototype hot su_6,Prototype hot su 2_1,Prototype hot su 2_2,Prototype hot su 2_3,Prototype hot su 2_4,Prototype hot su 2_5,Prototype hot su 2_6,BO su 1_1,BO su 1_2,BO su 1_3,BO su 1_4,BO su 1_5,BO su 1_6,BO su 2_1,BO su 2_2,BO su 2_3,BO su 2_4,BO su 2_5,BO su 2_6,BO su 3_1,BO su 3_2,BO su 3_3,BO su 3_4,BO su 3_5,BO su 3_6,BO su 4_1,BO su 4_2,BO su 4_3,BO su 4_4,BO su 4_5,BO su 4_6,PracticeDynamicHA,PrototypeHa,PrototypeHa2,PrototypeHotHa,PrototypeHotHa2,BOHa1,BOHa2,BOHa3,BOHa4,PrototypeAn,PrototypeAn2,PrototypeHotAn,PrototypeHotAn2,BOAn1,BOAn2,BOAn3,BOAn4,RandomID
Start Date,End Date,Response Type,IP Address,Progress,Duration (in seconds),Finished,Recorded Date,Response ID,Recipient Last Name,Recipient First Name,Recipient Email,External Data Reference,Location Latitude,Location Longitude,Distribution Channel,User Language,あなたの性別はなんですか？,あなたは何歳ですか？数字で記述してください（例：42）,6つの感情の中から、この人物の表情をあらわすのに最も適切な数字を選んでください - 怒り,6つの感情の中から、この人物の表情をあらわすのに最も適切な数字を選んでください - 嫌悪,6つの感情の中から、この人物の表情をあらわすのに最も適切な数字を選んでください - 恐怖,6つの感情の中から、この人物の表情をあらわすのに最も適切な数字を選んでください - 幸福,6つの感情の中から、この人物の表情をあらわすのに最も適切な数字を選んでください - 悲しみ,6つの感情の中から、この人物の表情をあらわすのに最も適切な数字を選んでください - 驚き,6つの感情の中から、この人物の表情をあらわすのに最も適切な数字を選んでください - 怒り,6つの感情の中から、この人物の表情をあらわすのに最も適切な数字を選んでください - 嫌悪,6つの感情の中から、この人物の表情をあらわすのに最も適切な数字を選んでください - 恐怖,6つの感情の中から、この人物の表情をあらわすのに最も適切な数字を選んでください - 幸福,6つの感情の中から、この人物の表情をあらわすのに最も適切な数字を選んでください - 悲しみ,6つの感情の中から、この人物の表情をあらわすのに最も適切な数字を選んでください - 驚き,この表情がどのような感情を表すものであるか、6つの感情について数字で評定してください。 - 怒り,この表情がどのような感情を表すものであるか、6つの感情について数字で評定してください。 - 嫌悪,この表情がどのような感情を表すものであるか、6つの感情について数字で評定してください。 - 恐怖,この表情がどのような感情を表すものであるか、6つの感情について数字で評定してください。 - 幸福,この表情がどのような感情を表すものであるか、6つの感情について数字で評定してください。 - 悲しみ,この表情がどのような感情を表すものであるか、6つの感情について数字で評定してください。 - 驚き,この表情がどのような感情を表すものであるか、6つの感情について数字で評定してください。 - 怒り,この表情がどのような感情を表すものであるか、6つの感情について数字で評定してください。 - 嫌悪,この表情がどのような感情を表すものであるか、6つの感情について数字で評定してください。 - 恐怖,この表情がどのような感情を表すものであるか、6つの感情について数字で評定してください。 - 幸福,この表情がどのような感情を表すものであるか、6つの感情について数字で評定してください。 - 悲しみ,この表情がどのような感情を表すものであるか、6つの感情について数字で評定してください。 - 驚き,この表情がどのような感情を表すものであるか、6つの感情について数字で評定してください。 - 怒り,この表情がどのような感情を表すものであるか、6つの感情について数字で評定してください。 - 嫌悪,この表情がどのような感情を表すものであるか、6つの感情について数字で評定してください。 - 恐怖,この表情がどのような感情を表すものであるか、6つの感情について数字で評定してください。 - 幸福,この表情がどのような感情を表すものであるか、6つの感情について数字で評定してください。 - 悲しみ,この表情がどのような感情を表すものであるか、6つの感情について数字で評定してください。 - 驚き,この表情がどのような感情を表すものであるか、6つの感情について数字で評定してください。 - 怒り,この表情がどのような感情を表すものであるか、6つの感情について数字で評定してください。 - 嫌悪,この表情がどのような感情を表すものであるか、6つの感情について数字で評定してください。 - 恐怖,この表情がどのような感情を表すものであるか、6つの感情について数字で評定してください。 - 幸福,この表情がどのような感情を表すものであるか、6つの感情について数字で評定してください。 - 悲しみ,この表情がどのような感情を表すものであるか、6つの感情について数字で評定してください。 - 驚き,この表情がどのような感情を表すものであるか、6つの感情について数字で評定してください。 - 怒り,この表情がどのような感情を表すものであるか、6つの感情について数字で評定してください。 - 嫌悪,この表情がどのような感情を表すものであるか、6つの感情について数字で評定してください。 - 恐怖,この表情がどのような感情を表すものであるか、6つの感情について数字で評定してください。 - 幸福,この表情がどのような感情を表すものであるか、6つの感情について数字で評定してください。 - 悲しみ,この表情がどのような感情を表すものであるか、6つの感情について数字で評定してください。 - 驚き,この表情がどのような感情を表すものであるか、6つの感情について数字で評定してください。 - 怒り,この表情がどのような感情を表すものであるか、6つの感情について数字で評定してください。 - 嫌悪,この表情がどのような感情を表すものであるか、6つの感情について数字で評定してください。 - 恐怖,この表情がどのような感情を表すものであるか、6つの感情について数字で評定してください。 - 幸福,この表情がどのような感情を表すものであるか、6つの感情について数字で評定してください。 - 悲しみ,この表情がどのような感情を表すものであるか、6つの感情について数字で評定してください。 - 驚き,この表情がどのような感情を表すものであるか、6つの感情について数字で評定してください。 - 怒り,この表情がどのような感情を表すものであるか、6つの感情について数字で評定してください。 - 嫌悪,この表情がどのような感情を表すものであるか、6つの感情について数字で評定してください。 - 恐怖,この表情がどのような感情を表すものであるか、6つの感情について数字で評定してください。 - 幸福,この表情がどのような感情を表すものであるか、6つの感情について数字で評定してください。 - 悲しみ,この表情がどのような感情を表すものであるか、6つの感情について数字で評定してください。 - 驚き,この表情がどのような感情を表すものであるか、6つの感情について数字で評定してください。 - 怒り,この表情がどのような感情を表すものであるか、6つの感情について数字で評定してください。 - 嫌悪,この表情がどのような感情を表すものであるか、6つの感情について数字で評定してください。 - 恐怖,この表情がどのような感情を表すものであるか、6つの感情について数字で評定してください。 - 幸福,この表情がどのような感情を表すものであるか、6つの感情について数字で評定してください。 - 悲しみ,この表情がどのような感情を表すものであるか、6つの感情について数字で評定してください。 - 驚き,この表情がどのような感情を表すものであるか、6つの感情について数字で評定してください。 - 怒り,この表情がどのような感情を表すものであるか、6つの感情について数字で評定してください。 - 嫌悪,この表情がどのような感情を表すものであるか、6つの感情について数字で評定してください。 - 恐怖,この表情がどのような感情を表すものであるか、6つの感情について数字で評定してください。 - 幸福,この表情がどのような感情を表すものであるか、6つの感情について数字で評定してください。 - 悲しみ,この表情がどのような感情を表すものであるか、6つの感情について数字で評定してください。 - 驚き,この表情がどのような感情を表すものであるか、6つの感情について数字で評定してください。 - 怒り,この表情がどのような感情を表すものであるか、6つの感情について数字で評定してください。 - 嫌悪,この表情がどのような感情を表すものであるか、6つの感情について数字で評定してください。 - 恐怖,この表情がどのような感情を表すものであるか、6つの感情について数字で評定してください。 - 幸福,この表情がどのような感情を表すものであるか、6つの感情について数字で評定してください。 - 悲しみ,この表情がどのような感情を表すものであるか、6つの感情について数字で評定してください。 - 驚き,この表情がどのような感情を表すものであるか、6つの感情について数字で評定してください。 - 怒り,この表情がどのような感情を表すものであるか、6つの感情について数字で評定してください。 - 嫌悪,この表情がどのような感情を表すものであるか、6つの感情について数字で評定してください。 - 恐怖,この表情がどのような感情を表すものであるか、6つの感情について数字で評定してください。 - 幸福,この表情がどのような感情を表すものであるか、6つの感情について数字で評定してください。 - 悲しみ,この表情がどのような感情を表すものであるか、6つの感情について数字で評定してください。 - 驚き,この表情がどのような感情を表すものであるか、6つの感情について数字で評定してください。 - 怒り,この表情がどのような感情を表すものであるか、6つの感情について数字で評定してください。 - 嫌悪,この表情がどのような感情を表すものであるか、6つの感情について数字で評定してください。 - 恐怖,この表情がどのような感情を表すものであるか、6つの感情について数字で評定してください。 - 幸福,この表情がどのような感情を表すものであるか、6つの感情について数字で評定してください。 - 悲しみ,この表情がどのような感情を表すものであるか、6つの感情について数字で評定してください。 - 驚き,この表情がどのような感情を表すものであるか、6つの感情について数字で評定してください。 - 怒り,この表情がどのような感情を表すものであるか、6つの感情について数字で評定してください。 - 嫌悪,この表情がどのような感情を表すものであるか、6つの感情について数字で評定してください。 - 恐怖,この表情がどのような感情を表すものであるか、6つの感情について数字で評定してください。 - 幸福,この表情がどのような感情を表すものであるか、6つの感情について数字で評定してください。 - 悲しみ,この表情がどのような感情を表すものであるか、6つの感情について数字で評定してください。 - 驚き,この表情がどのような感情を表すものであるか、6つの感情について数字で評定してください。 - 怒り,この表情がどのような感情を表すものであるか、6つの感情について数字で評定してください。 - 嫌悪,この表情がどのような感情を表すものであるか、6つの感情について数字で評定してください。 - 恐怖,この表情がどのような感情を表すものであるか、6つの感情について数字で評定してください。 - 幸福,この表情がどのような感情を表すものであるか、6つの感情について数字で評定してください。 - 悲しみ,この表情がどのような感情を表すものであるか、6つの感情について数字で評定してください。 - 驚き,この表情がどのような感情を表すものであるか、6つの感情について数字で評定してください。 - 怒り,この表情がどのような感情を表すものであるか、6つの感情について数字で評定してください。 - 嫌悪,この表情がどのような感情を表すものであるか、6つの感情について数字で評定してください。 - 恐怖,この表情がどのような感情を表すものであるか、6つの感情について数字で評定してください。 - 幸福,この表情がどのような感情を表すものであるか、6つの感情について数字で評定してください。 - 悲しみ,この表情がどのような感情を表すものであるか、6つの感情について数字で評定してください。 - 驚き,この表情がどのような感情を表すものであるか、6つの感情について数字で評定してください。 - 怒り,この表情がどのような感情を表すものであるか、6つの感情について数字で評定してください。 - 嫌悪,この表情がどのような感情を表すものであるか、6つの感情について数字で評定してください。 - 恐怖,この表情がどのような感情を表すものであるか、6つの感情について数字で評定してください。 - 幸福,この表情がどのような感情を表すものであるか、6つの感情について数字で評定してください。 - 悲しみ,この表情がどのような感情を表すものであるか、6つの感情について数字で評定してください。 - 驚き,この表情がどのような感情を表すものであるか、6つの感情について数字で評定してください。 - 怒り,この表情がどのような感情を表すものであるか、6つの感情について数字で評定してください。 - 嫌悪,この表情がどのような感情を表すものであるか、6つの感情について数字で評定してください。 - 恐怖,この表情がどのような感情を表すものであるか、6つの感情について数字で評定してください。 - 幸福,この表情がどのような感情を表すものであるか、6つの感情について数字で評定してください。 - 悲しみ,この表情がどのような感情を表すものであるか、6つの感情について数字で評定してください。 - 驚き,この表情がどのような感情を表すものであるか、6つの感情について数字で評定してください。 - 怒り,この表情がどのような感情を表すものであるか、6つの感情について数字で評定してください。 - 嫌悪,この表情がどのような感情を表すものであるか、6つの感情について数字で評定してください。 - 恐怖,この表情がどのような感情を表すものであるか、6つの感情について数字で評定してください。 - 幸福,この表情がどのような感情を表すものであるか、6つの感情について数字で評定してください。 - 悲しみ,この表情がどのような感情を表すものであるか、6つの感情について数字で評定してください。 - 驚き,この表情がどのような感情を表すものであるか、6つの感情について数字で評定してください。 - 怒り,この表情がどのような感情を表すものであるか、6つの感情について数字で評定してください。 - 嫌悪,この表情がどのような感情を表すものであるか、6つの感情について数字で評定してください。 - 恐怖,この表情がどのような感情を表すものであるか、6つの感情について数字で評定してください。 - 幸福,この表情がどのような感情を表すものであるか、6つの感情について数字で評定してください。 - 悲しみ,この表情がどのような感情を表すものであるか、6つの感情について数字で評定してください。 - 驚き,この表情がどのような感情を表すものであるか、6つの感情について数字で評定してください。 - 怒り,この表情がどのような感情を表すものであるか、6つの感情について数字で評定してください。 - 嫌悪,この表情がどのような感情を表すものであるか、6つの感情について数字で評定してください。 - 恐怖,この表情がどのような感情を表すものであるか、6つの感情について数字で評定してください。 - 幸福,この表情がどのような感情を表すものであるか、6つの感情について数字で評定してください。 - 悲しみ,この表情がどのような感情を表すものであるか、6つの感情について数字で評定してください。 - 驚き,この表情がどのような感情を表すものであるか、6つの感情について数字で評定してください。 - 怒り,この表情がどのような感情を表すものであるか、6つの感情について数字で評定してください。 - 嫌悪,この表情がどのような感情を表すものであるか、6つの感情について数字で評定してください。 - 恐怖,この表情がどのような感情を表すものであるか、6つの感情について数字で評定してください。 - 幸福,この表情がどのような感情を表すものであるか、6つの感情について数字で評定してください。 - 悲しみ,この表情がどのような感情を表すものであるか、6つの感情について数字で評定してください。 - 驚き,この表情がどのような感情を表すものであるか、6つの感情について数字で評定してください。 - 怒り,この表情がどのような感情を表すものであるか、6つの感情について数字で評定してください。 - 嫌悪,この表情がどのような感情を表すものであるか、6つの感情について数字で評定してください。 - 恐怖,この表情がどのような感情を表すものであるか、6つの感情について数字で評定してください。 - 幸福,この表情がどのような感情を表すものであるか、6つの感情について数字で評定してください。 - 悲しみ,この表情がどのような感情を表すものであるか、6つの感情について数字で評定してください。 - 驚き,この表情がどのような感情を表すものであるか、6つの感情について数字で評定してください。 - 怒り,この表情がどのような感情を表すものであるか、6つの感情について数字で評定してください。 - 嫌悪,この表情がどのような感情を表すものであるか、6つの感情について数字で評定してください。 - 恐怖,この表情がどのような感情を表すものであるか、6つの感情について数字で評定してください。 - 幸福,この表情がどのような感情を表すものであるか、6つの感情について数字で評定してください。 - 悲しみ,この表情がどのような感情を表すものであるか、6つの感情について数字で評定してください。 - 驚き,この表情がどのような感情を表すものであるか、6つの感情について数字で評定してください。 - 怒り,この表情がどのような感情を表すものであるか、6つの感情について数字で評定してください。 - 嫌悪,この表情がどのような感情を表すものであるか、6つの感情について数字で評定してください。 - 恐怖,この表情がどのような感情を表すものであるか、6つの感情について数字で評定してください。 - 幸福,この表情がどのような感情を表すものであるか、6つの感情について数字で評定してください。 - 悲しみ,この表情がどのような感情を表すものであるか、6つの感情について数字で評定してください。 - 驚き,この表情がどのような感情を表すものであるか、6つの感情について数字で評定してください。 - 怒り,この表情がどのような感情を表すものであるか、6つの感情について数字で評定してください。 - 嫌悪,この表情がどのような感情を表すものであるか、6つの感情について数字で評定してください。 - 恐怖,この表情がどのような感情を表すものであるか、6つの感情について数字で評定してください。 - 幸福,この表情がどのような感情を表すものであるか、6つの感情について数字で評定してください。 - 悲しみ,この表情がどのような感情を表すものであるか、6つの感情について数字で評定してください。 - 驚き,この表情がどのような感情を表すものであるか、6つの感情について数字で評定してください。 - 怒り,この表情がどのような感情を表すものであるか、6つの感情について数字で評定してください。 - 嫌悪,この表情がどのような感情を表すものであるか、6つの感情について数字で評定してください。 - 恐怖,この表情がどのような感情を表すものであるか、6つの感情について数字で評定してください。 - 幸福,この表情がどのような感情を表すものであるか、6つの感情について数字で評定してください。 - 悲しみ,この表情がどのような感情を表すものであるか、6つの感情について数字で評定してください。 - 驚き,この表情がどのような感情を表すものであるか、6つの感情について数字で評定してください。 - 怒り,この表情がどのような感情を表すものであるか、6つの感情について数字で評定してください。 - 嫌悪,この表情がどのような感情を表すものであるか、6つの感情について数字で評定してください。 - 恐怖,この表情がどのような感情を表すものであるか、6つの感情について数字で評定してください。 - 幸福,この表情がどのような感情を表すものであるか、6つの感情について数字で評定してください。 - 悲しみ,この表情がどのような感情を表すものであるか、6つの感情について数字で評定してください。 - 驚き,この表情がどのような感情を表すものであるか、6つの感情について数字で評定してください。 - 怒り,この表情がどのような感情を表すものであるか、6つの感情について数字で評定してください。 - 嫌悪,この表情がどのような感情を表すものであるか、6つの感情について数字で評定してください。 - 恐怖,この表情がどのような感情を表すものであるか、6つの感情について数字で評定してください。 - 幸福,この表情がどのような感情を表すものであるか、6つの感情について数字で評定してください。 - 悲しみ,この表情がどのような感情を表すものであるか、6つの感情について数字で評定してください。 - 驚き,この表情がどのような感情を表すものであるか、6つの感情について数字で評定してください。 - 怒り,この表情がどのような感情を表すものであるか、6つの感情について数字で評定してください。 - 嫌悪,この表情がどのような感情を表すものであるか、6つの感情について数字で評定してください。 - 恐怖,この表情がどのような感情を表すものであるか、6つの感情について数字で評定してください。 - 幸福,この表情がどのような感情を表すものであるか、6つの感情について数字で評定してください。 - 悲しみ,この表情がどのような感情を表すものであるか、6つの感情について数字で評定してください。 - 驚き,この表情がどのような感情を表すものであるか、6つの感情について数字で評定してください。 - 怒り,この表情がどのような感情を表すものであるか、6つの感情について数字で評定してください。 - 嫌悪,この表情がどのような感情を表すものであるか、6つの感情について数字で評定してください。 - 恐怖,この表情がどのような感情を表すものであるか、6つの感情について数字で評定してください。 - 幸福,この表情がどのような感情を表すものであるか、6つの感情について数字で評定してください。 - 悲しみ,この表情がどのような感情を表すものであるか、6つの感情について数字で評定してください。 - 驚き,この表情がどのような感情を表すものであるか、6つの感情について数字で評定してください。 - 怒り,この表情がどのような感情を表すものであるか、6つの感情について数字で評定してください。 - 嫌悪,この表情がどのような感情を表すものであるか、6つの感情について数字で評定してください。 - 恐怖,この表情がどのような感情を表すものであるか、6つの感情について数字で評定してください。 - 幸福,この表情がどのような感情を表すものであるか、6つの感情について数字で評定してください。 - 悲しみ,この表情がどのような感情を表すものであるか、6つの感情について数字で評定してください。 - 驚き,この表情がどのような感情を表すものであるか、6つの感情について数字で評定してください。 - 怒り,この表情がどのような感情を表すものであるか、6つの感情について数字で評定してください。 - 嫌悪,この表情がどのような感情を表すものであるか、6つの感情について数字で評定してください。 - 恐怖,この表情がどのような感情を表すものであるか、6つの感情について数字で評定してください。 - 幸福,この表情がどのような感情を表すものであるか、6つの感情について数字で評定してください。 - 悲しみ,この表情がどのような感情を表すものであるか、6つの感情について数字で評定してください。 - 驚き,この表情がどのような感情を表すものであるか、6つの感情について数字で評定してください。 - 怒り,この表情がどのような感情を表すものであるか、6つの感情について数字で評定してください。 - 嫌悪,この表情がどのような感情を表すものであるか、6つの感情について数字で評定してください。 - 恐怖,この表情がどのような感情を表すものであるか、6つの感情について数字で評定してください。 - 幸福,この表情がどのような感情を表すものであるか、6つの感情について数字で評定してください。 - 悲しみ,この表情がどのような感情を表すものであるか、6つの感情について数字で評定してください。 - 驚き,この表情がどのような感情を表すものであるか、6つの感情について数字で評定してください。 - 怒り,この表情がどのような感情を表すものであるか、6つの感情について数字で評定してください。 - 嫌悪,この表情がどのような感情を表すものであるか、6つの感情について数字で評定してください。 - 恐怖,この表情がどのような感情を表すものであるか、6つの感情について数字で評定してください。 - 幸福,この表情がどのような感情を表すものであるか、6つの感情について数字で評定してください。 - 悲しみ,この表情がどのような感情を表すものであるか、6つの感情について数字で評定してください。 - 驚き,この表情がどのような感情を表すものであるか、6つの感情について数字で評定してください。 - 怒り,この表情がどのような感情を表すものであるか、6つの感情について数字で評定してください。 - 嫌悪,この表情がどのような感情を表すものであるか、6つの感情について数字で評定してください。 - 恐怖,この表情がどのような感情を表すものであるか、6つの感情について数字で評定してください。 - 幸福,この表情がどのような感情を表すものであるか、6つの感情について数字で評定してください。 - 悲しみ,この表情がどのような感情を表すものであるか、6つの感情について数字で評定してください。 - 驚き,この表情がどのような感情を表すものであるか、6つの感情について数字で評定してください。 - 怒り,この表情がどのような感情を表すものであるか、6つの感情について数字で評定してください。 - 嫌悪,この表情がどのような感情を表すものであるか、6つの感情について数字で評定してください。 - 恐怖,この表情がどのような感情を表すものであるか、6つの感情について数字で評定してください。 - 幸福,この表情がどのような感情を表すものであるか、6つの感情について数字で評定してください。 - 悲しみ,この表情がどのような感情を表すものであるか、6つの感情について数字で評定してください。 - 驚き,この表情がどのような感情を表すものであるか、6つの感情について数字で評定してください。 - 怒り,この表情がどのような感情を表すものであるか、6つの感情について数字で評定してください。 - 嫌悪,この表情がどのような感情を表すものであるか、6つの感情について数字で評定してください。 - 恐怖,この表情がどのような感情を表すものであるか、6つの感情について数字で評定してください。 - 幸福,この表情がどのような感情を表すものであるか、6つの感情について数字で評定してください。 - 悲しみ,この表情がどのような感情を表すものであるか、6つの感情について数字で評定してください。 - 驚き,この表情がどのような感情を表すものであるか、6つの感情について数字で評定してください。 - 怒り,この表情がどのような感情を表すものであるか、6つの感情について数字で評定してください。 - 嫌悪,この表情がどのような感情を表すものであるか、6つの感情について数字で評定してください。 - 恐怖,この表情がどのような感情を表すものであるか、6つの感情について数字で評定してください。 - 幸福,この表情がどのような感情を表すものであるか、6つの感情について数字で評定してください。 - 悲しみ,この表情がどのような感情を表すものであるか、6つの感情について数字で評定してください。 - 驚き,この表情がどのような感情を表すものであるか、6つの感情について数字で評定してください。 - 怒り,この表情がどのような感情を表すものであるか、6つの感情について数字で評定してください。 - 嫌悪,この表情がどのような感情を表すものであるか、6つの感情について数字で評定してください。 - 恐怖,この表情がどのような感情を表すものであるか、6つの感情について数字で評定してください。 - 幸福,この表情がどのような感情を表すものであるか、6つの感情について数字で評定してください。 - 悲しみ,この表情がどのような感情を表すものであるか、6つの感情について数字で評定してください。 - 驚き,この表情がどのような感情を表すものであるか、6つの感情について数字で評定してください。 - 怒り,この表情がどのような感情を表すものであるか、6つの感情について数字で評定してください。 - 嫌悪,この表情がどのような感情を表すものであるか、6つの感情について数字で評定してください。 - 恐怖,この表情がどのような感情を表すものであるか、6つの感情について数字で評定してください。 - 幸福,この表情がどのような感情を表すものであるか、6つの感情について数字で評定してください。 - 悲しみ,この表情がどのような感情を表すものであるか、6つの感情について数字で評定してください。 - 驚き,この表情がどのような感情を表すものであるか、6つの感情について数字で評定してください。 - 怒り,この表情がどのような感情を表すものであるか、6つの感情について数字で評定してください。 - 嫌悪,この表情がどのような感情を表すものであるか、6つの感情について数字で評定してください。 - 恐怖,この表情がどのような感情を表すものであるか、6つの感情について数字で評定してください。 - 幸福,この表情がどのような感情を表すものであるか、6つの感情について数字で評定してください。 - 悲しみ,この表情がどのような感情を表すものであるか、6つの感情について数字で評定してください。 - 驚き,この表情がどのような感情を表すものであるか、6つの感情について数字で評定してください。 - 怒り,この表情がどのような感情を表すものであるか、6つの感情について数字で評定してください。 - 嫌悪,この表情がどのような感情を表すものであるか、6つの感情について数字で評定してください。 - 恐怖,この表情がどのような感情を表すものであるか、6つの感情について数字で評定してください。 - 幸福,この表情がどのような感情を表すものであるか、6つの感情について数字で評定してください。 - 悲しみ,この表情がどのような感情を表すものであるか、6つの感情について数字で評定してください。 - 驚き,この表情がどのような感情を表すものであるか、6つの感情について数字で評定してください。 - 怒り,この表情がどのような感情を表すものであるか、6つの感情について数字で評定してください。 - 嫌悪,この表情がどのような感情を表すものであるか、6つの感情について数字で評定してください。 - 恐怖,この表情がどのような感情を表すものであるか、6つの感情について数字で評定してください。 - 幸福,この表情がどのような感情を表すものであるか、6つの感情について数字で評定してください。 - 悲しみ,この表情がどのような感情を表すものであるか、6つの感情について数字で評定してください。 - 驚き,この表情がどのような感情を表すものであるか、6つの感情について数字で評定してください。 - 怒り,この表情がどのような感情を表すものであるか、6つの感情について数字で評定してください。 - 嫌悪,この表情がどのような感情を表すものであるか、6つの感情について数字で評定してください。 - 恐怖,この表情がどのような感情を表すものであるか、6つの感情について数字で評定してください。 - 幸福,この表情がどのような感情を表すものであるか、6つの感情について数字で評定してください。 - 悲しみ,この表情がどのような感情を表すものであるか、6つの感情について数字で評定してください。 - 驚き,この表情がどのような感情を表すものであるか、6つの感情について数字で評定してください。 - 怒り,この表情がどのような感情を表すものであるか、6つの感情について数字で評定してください。 - 嫌悪,この表情がどのような感情を表すものであるか、6つの感情について数字で評定してください。 - 恐怖,この表情がどのような感情を表すものであるか、6つの感情について数字で評定してください。 - 幸福,この表情がどのような感情を表すものであるか、6つの感情について数字で評定してください。 - 悲しみ,この表情がどのような感情を表すものであるか、6つの感情について数字で評定してください。 - 驚き,この表情がどのような感情を表すものであるか、6つの感情について数字で評定してください。 - 怒り,この表情がどのような感情を表すものであるか、6つの感情について数字で評定してください。 - 嫌悪,この表情がどのような感情を表すものであるか、6つの感情について数字で評定してください。 - 恐怖,この表情がどのような感情を表すものであるか、6つの感情について数字で評定してください。 - 幸福,この表情がどのような感情を表すものであるか、6つの感情について数字で評定してください。 - 悲しみ,この表情がどのような感情を表すものであるか、6つの感情について数字で評定してください。 - 驚き,この表情がどのような感情を表すものであるか、6つの感情について数字で評定してください。 - 怒り,この表情がどのような感情を表すものであるか、6つの感情について数字で評定してください。 - 嫌悪,この表情がどのような感情を表すものであるか、6つの感情について数字で評定してください。 - 恐怖,この表情がどのような感情を表すものであるか、6つの感情について数字で評定してください。 - 幸福,この表情がどのような感情を表すものであるか、6つの感情について数字で評定してください。 - 悲しみ,この表情がどのような感情を表すものであるか、6つの感情について数字で評定してください。 - 驚き,この表情がどのような感情を表すものであるか、6つの感情について数字で評定してください。 - 怒り,この表情がどのような感情を表すものであるか、6つの感情について数字で評定してください。 - 嫌悪,この表情がどのような感情を表すものであるか、6つの感情について数字で評定してください。 - 恐怖,この表情がどのような感情を表すものであるか、6つの感情について数字で評定してください。 - 幸福,この表情がどのような感情を表すものであるか、6つの感情について数字で評定してください。 - 悲しみ,この表情がどのような感情を表すものであるか、6つの感情について数字で評定してください。 - 驚き,再生ボタンを押して動画を見た後で、6つの感情の中から、このアンドロイドの表情をあらわすのに最も適切なものを選んでください,再生ボタンを押して動画を見た後で、6つの感情の中から、このアンドロイドの表情をあらわすのに最も適切なものを選んでください,再生ボタンを押して動画を見た後で、6つの感情の中から、このアンドロイドの表情をあらわすのに最も適切なものを選んでください,再生ボタンを押して動画を見た後で、6つの感情の中から、このアンドロイドの表情をあらわすのに最も適切なものを選んでください,再生ボタンを押して動画を見た後で、6つの感情の中から、このアンドロイドの表情をあらわすのに最も適切なものを選んでください,再生ボタンを押して動画を見た後で、6つの感情の中から、このアンドロイドの表情をあらわすのに最も適切なものを選んでください,再生ボタンを押して動画を見た後で、6つの感情の中から、このアンドロイドの表情をあらわすのに最も適切なものを選んでください,再生ボタンを押して動画を見た後で、6つの感情の中から、このアンドロイドの表情をあらわすのに最も適切なものを選んでください,再生ボタンを押して動画を見た後で、6つの感情の中から、このアンドロイドの表情をあらわすのに最も適切なものを選んでください,再生ボタンを押して動画を見た後で、6つの感情の中から、このアンドロイドの表情をあらわすのに最も適切なものを選んでください,再生ボタンを押して動画を見た後で、6つの感情の中から、このアンドロイドの表情をあらわすのに最も適切なものを選んでください,再生ボタンを押して動画を見た後で、6つの感情の中から、このアンドロイドの表情をあらわすのに最も適切なものを選んでください,再生ボタンを押して動画を見た後で、6つの感情の中から、このアンドロイドの表情をあらわすのに最も適切なものを選んでください,再生ボタンを押して動画を見た後で、6つの感情の中から、このアンドロイドの表情をあらわすのに最も適切なものを選んでください,再生ボタンを押して動画を見た後で、6つの感情の中から、このアンドロイドの表情をあらわすのに最も適切なものを選んでください,再生ボタンを押して動画を見た後で、6つの感情の中から、このアンドロイドの表情をあらわすのに最も適切なものを選んでください,再生ボタンを押して動画を見た後で、6つの感情の中から、このアンドロイドの表情をあらわすのに最も適切なものを選んでください,RandomID
"{""ImportId"":""startDate"",""timeZone"":""Asia/Seoul""}","{""ImportId"":""endDate"",""timeZone"":""Asia/Seoul""}","{""ImportId"":""status""}","{""ImportId"":""ipAddress""}","{""ImportId"":""progress""}","{""ImportId"":""duration""}","{""ImportId"":""finished""}","{""ImportId"":""recordedDate"",""timeZone"":""Asia/Seoul""}","{""ImportId"":""_recordId""}","{""ImportId"":""recipientLastName""}","{""ImportId"":""recipientFirstName""}","{""ImportId"":""recipientEmail""}","{""ImportId"":""externalDataReference""}","{""ImportId"":""locationLatitude""}","{""ImportId"":""locationLongitude""}","{""ImportId"":""distributionChannel""}","{""ImportId"":""userLanguage""}","{""ImportId"":""QID36_TEXT""}","{""ImportId"":""QID37_TEXT""}","{""ImportId"":""QID1_1""}","{""ImportId"":""QID1_5""}","{""ImportId"":""QID1_3""}","{""ImportId"":""QID1_10""}","{""ImportId"":""QID1_11""}","{""ImportId"":""QID1_12""}","{""ImportId"":""QID9_1""}","{""ImportId"":""QID9_5""}","{""ImportId"":""QID9_3""}","{""ImportId"":""QID9_10""}","{""ImportId"":""QID9_11""}","{""ImportId"":""QID9_12""}","{""ImportId"":""QID97_1""}","{""ImportId"":""QID97_5""}","{""ImportId"":""QID97_3""}","{""ImportId"":""QID97_10""}","{""ImportId"":""QID97_11""}","{""ImportId"":""QID97_12""}","{""ImportId"":""QID155_1""}","{""ImportId"":""QID155_5""}","{""ImportId"":""QID155_3""}","{""ImportId"":""QID155_10""}","{""ImportId"":""QID155_11""}","{""ImportId"":""QID155_12""}","{""ImportId"":""QID145_1""}","{""ImportId"":""QID145_5""}","{""ImportId"":""QID145_3""}","{""ImportId"":""QID145_10""}","{""ImportId"":""QID145_11""}","{""ImportId"":""QID145_12""}","{""ImportId"":""QID156_1""}","{""ImportId"":""QID156_5""}","{""ImportId"":""QID156_3""}","{""ImportId"":""QID156_10""}","{""ImportId"":""QID156_11""}","{""ImportId"":""QID156_12""}","{""ImportId"":""QID151_1""}","{""ImportId"":""QID151_5""}","{""ImportId"":""QID151_3""}","{""ImportId"":""QID151_10""}","{""ImportId"":""QID151_11""}","{""ImportId"":""QID151_12""}","{""ImportId"":""QID152_1""}","{""ImportId"":""QID152_5""}","{""ImportId"":""QID152_3""}","{""ImportId"":""QID152_10""}","{""ImportId"":""QID152_11""}","{""ImportId"":""QID152_12""}","{""ImportId"":""QID153_1""}","{""ImportId"":""QID153_5""}","{""ImportId"":""QID153_3""}","{""ImportId"":""QID153_10""}","{""ImportId"":""QID153_11""}","{""ImportId"":""QID153_12""}","{""ImportId"":""QID154_1""}","{""ImportId"":""QID154_5""}","{""ImportId"":""QID154_3""}","{""ImportId"":""QID154_10""}","{""ImportId"":""QID154_11""}","{""ImportId"":""QID154_12""}","{""ImportId"":""QID140_1""}","{""ImportId"":""QID140_5""}","{""ImportId"":""QID140_3""}","{""ImportId"":""QID140_10""}","{""ImportId"":""QID140_11""}","{""ImportId"":""QID140_12""}","{""ImportId"":""QID157_1""}","{""ImportId"":""QID157_5""}","{""ImportId"":""QID157_3""}","{""ImportId"":""QID157_10""}","{""ImportId"":""QID157_11""}","{""ImportId"":""QID157_12""}","{""ImportId"":""QID146_1""}","{""ImportId"":""QID146_5""}","{""ImportId"":""QID146_3""}","{""ImportId"":""QID146_10""}","{""ImportId"":""QID146_11""}","{""ImportId"":""QID146_12""}","{""ImportId"":""QID158_1""}","{""ImportId"":""QID158_5""}","{""ImportId"":""QID158_3""}","{""ImportId"":""QID158_10""}","{""ImportId"":""QID158_11""}","{""ImportId"":""QID158_12""}","{""ImportId"":""QID159_1""}","{""ImportId"":""QID159_5""}","{""ImportId"":""QID159_3""}","{""ImportId"":""QID159_10""}","{""ImportId"":""QID159_11""}","{""ImportId"":""QID159_12""}","{""ImportId"":""QID160_1""}","{""ImportId"":""QID160_5""}","{""ImportId"":""QID160_3""}","{""ImportId"":""QID160_10""}","{""ImportId"":""QID160_11""}","{""ImportId"":""QID160_12""}","{""ImportId"":""QID161_1""}","{""ImportId"":""QID161_5""}","{""ImportId"":""QID161_3""}","{""ImportId"":""QID161_10""}","{""ImportId"":""QID161_11""}","{""ImportId"":""QID161_12""}","{""ImportId"":""QID162_1""}","{""ImportId"":""QID162_5""}","{""ImportId"":""QID162_3""}","{""ImportId"":""QID162_10""}","{""ImportId"":""QID162_11""}","{""ImportId"":""QID162_12""}","{""ImportId"":""QID141_1""}","{""ImportId"":""QID141_5""}","{""ImportId"":""QID141_3""}","{""ImportId"":""QID141_10""}","{""ImportId"":""QID141_11""}","{""ImportId"":""QID141_12""}","{""ImportId"":""QID163_1""}","{""ImportId"":""QID163_5""}","{""ImportId"":""QID163_3""}","{""ImportId"":""QID163_10""}","{""ImportId"":""QID163_11""}","{""ImportId"":""QID163_12""}","{""ImportId"":""QID147_1""}","{""ImportId"":""QID147_5""}","{""ImportId"":""QID147_3""}","{""ImportId"":""QID147_10""}","{""ImportId"":""QID147_11""}","{""ImportId"":""QID147_12""}","{""ImportId"":""QID165_1""}","{""ImportId"":""QID165_5""}","{""ImportId"":""QID165_3""}","{""ImportId"":""QID165_10""}","{""ImportId"":""QID165_11""}","{""ImportId"":""QID165_12""}","{""ImportId"":""QID164_1""}","{""ImportId"":""QID164_5""}","{""ImportId"":""QID164_3""}","{""ImportId"":""QID164_10""}","{""ImportId"":""QID164_11""}","{""ImportId"":""QID164_12""}","{""ImportId"":""QID166_1""}","{""ImportId"":""QID166_5""}","{""ImportId"":""QID166_3""}","{""ImportId"":""QID166_10""}","{""ImportId"":""QID166_11""}","{""ImportId"":""QID166_12""}","{""ImportId"":""QID167_1""}","{""ImportId"":""QID167_5""}","{""ImportId"":""QID167_3""}","{""ImportId"":""QID167_10""}","{""ImportId"":""QID167_11""}","{""ImportId"":""QID167_12""}","{""ImportId"":""QID168_1""}","{""ImportId"":""QID168_5""}","{""ImportId"":""QID168_3""}","{""ImportId"":""QID168_10""}","{""ImportId"":""QID168_11""}","{""ImportId"":""QID168_12""}","{""ImportId"":""QID142_1""}","{""ImportId"":""QID142_5""}","{""ImportId"":""QID142_3""}","{""ImportId"":""QID142_10""}","{""ImportId"":""QID142_11""}","{""ImportId"":""QID142_12""}","{""ImportId"":""QID169_1""}","{""ImportId"":""QID169_5""}","{""ImportId"":""QID169_3""}","{""ImportId"":""QID169_10""}","{""ImportId"":""QID169_11""}","{""ImportId"":""QID169_12""}","{""ImportId"":""QID148_1""}","{""ImportId"":""QID148_5""}","{""ImportId"":""QID148_3""}","{""ImportId"":""QID148_10""}","{""ImportId"":""QID148_11""}","{""ImportId"":""QID148_12""}","{""ImportId"":""QID170_1""}","{""ImportId"":""QID170_5""}","{""ImportId"":""QID170_3""}","{""ImportId"":""QID170_10""}","{""ImportId"":""QID170_11""}","{""ImportId"":""QID170_12""}","{""ImportId"":""QID171_1""}","{""ImportId"":""QID171_5""}","{""ImportId"":""QID171_3""}","{""ImportId"":""QID171_10""}","{""ImportId"":""QID171_11""}","{""ImportId"":""QID171_12""}","{""ImportId"":""QID172_1""}","{""ImportId"":""QID172_5""}","{""ImportId"":""QID172_3""}","{""ImportId"":""QID172_10""}","{""ImportId"":""QID172_11""}","{""ImportId"":""QID172_12""}","{""ImportId"":""QID173_1""}","{""ImportId"":""QID173_5""}","{""ImportId"":""QID173_3""}","{""ImportId"":""QID173_10""}","{""ImportId"":""QID173_11""}","{""ImportId"":""QID173_12""}","{""ImportId"":""QID174_1""}","{""ImportId"":""QID174_5""}","{""ImportId"":""QID174_3""}","{""ImportId"":""QID174_10""}","{""ImportId"":""QID174_11""}","{""ImportId"":""QID174_12""}","{""ImportId"":""QID143_1""}","{""ImportId"":""QID143_5""}","{""ImportId"":""QID143_3""}","{""ImportId"":""QID143_10""}","{""ImportId"":""QID143_11""}","{""ImportId"":""QID143_12""}","{""ImportId"":""QID175_1""}","{""ImportId"":""QID175_5""}","{""ImportId"":""QID175_3""}","{""ImportId"":""QID175_10""}","{""ImportId"":""QID175_11""}","{""ImportId"":""QID175_12""}","{""ImportId"":""QID149_1""}","{""ImportId"":""QID149_5""}","{""ImportId"":""QID149_3""}","{""ImportId"":""QID149_10""}","{""ImportId"":""QID149_11""}","{""ImportId"":""QID149_12""}","{""ImportId"":""QID176_1""}","{""ImportId"":""QID176_5""}","{""ImportId"":""QID176_3""}","{""ImportId"":""QID176_10""}","{""ImportId"":""QID176_11""}","{""ImportId"":""QID176_12""}","{""ImportId"":""QID177_1""}","{""ImportId"":""QID177_5""}","{""ImportId"":""QID177_3""}","{""ImportId"":""QID177_10""}","{""ImportId"":""QID177_11""}","{""ImportId"":""QID177_12""}","{""ImportId"":""QID178_1""}","{""ImportId"":""QID178_5""}","{""ImportId"":""QID178_3""}","{""ImportId"":""QID178_10""}","{""ImportId"":""QID178_11""}","{""ImportId"":""QID178_12""}","{""ImportId"":""QID179_1""}","{""ImportId"":""QID179_5""}","{""ImportId"":""QID179_3""}","{""ImportId"":""QID179_10""}","{""ImportId"":""QID179_11""}","{""ImportId"":""QID179_12""}","{""ImportId"":""QID180_1""}","{""ImportId"":""QID180_5""}","{""ImportId"":""QID180_3""}","{""ImportId"":""QID180_10""}","{""ImportId"":""QID180_11""}","{""ImportId"":""QID180_12""}","{""ImportId"":""QID144_1""}","{""ImportId"":""QID144_5""}","{""ImportId"":""QID144_3""}","{""ImportId"":""QID144_10""}","{""ImportId"":""QID144_11""}","{""ImportId"":""QID144_12""}","{""ImportId"":""QID181_1""}","{""ImportId"":""QID181_5""}","{""ImportId"":""QID181_3""}","{""ImportId"":""QID181_10""}","{""ImportId"":""QID181_11""}","{""ImportId"":""QID181_12""}","{""ImportId"":""QID150_1""}","{""ImportId"":""QID150_5""}","{""ImportId"":""QID150_3""}","{""ImportId"":""QID150_10""}","{""ImportId"":""QID150_11""}","{""ImportId"":""QID150_12""}","{""ImportId"":""QID182_1""}","{""ImportId"":""QID182_5""}","{""ImportId"":""QID182_3""}","{""ImportId"":""QID182_10""}","{""ImportId"":""QID182_11""}","{""ImportId"":""QID182_12""}","{""ImportId"":""QID183_1""}","{""ImportId"":""QID183_5""}","{""ImportId"":""QID183_3""}","{""ImportId"":""QID183_10""}","{""ImportId"":""QID183_11""}","{""ImportId"":""QID183_12""}","{""ImportId"":""QID184_1""}","{""ImportId"":""QID184_5""}","{""ImportId"":""QID184_3""}","{""ImportId"":""QID184_10""}","{""ImportId"":""QID184_11""}","{""ImportId"":""QID184_12""}","{""ImportId"":""QID185_1""}","{""ImportId"":""QID185_5""}","{""ImportId"":""QID185_3""}","{""ImportId"":""QID185_10""}","{""ImportId"":""QID185_11""}","{""ImportId"":""QID185_12""}","{""ImportId"":""QID186_1""}","{""ImportId"":""QID186_5""}","{""ImportId"":""QID186_3""}","{""ImportId"":""QID186_10""}","{""ImportId"":""QID186_11""}","{""ImportId"":""QID186_12""}","{""ImportId"":""QID189""}","{""ImportId"":""QID198""}","{""ImportId"":""QID215""}","{""ImportId"":""QID199""}","{""ImportId"":""QID216""}","{""ImportId"":""QID202""}","{""ImportId"":""QID203""}","{""ImportId"":""QID204""}","{""ImportId"":""QID205""}","{""ImportId"":""QID206""}","{""ImportId"":""QID217""}","{""ImportId"":""QID209""}","{""ImportId"":""QID218""}","{""ImportId"":""QID211""}","{""ImportId"":""QID212""}","{""ImportId"":""QID213""}","{""ImportId"":""QID214""}","{""ImportId"":""RandomID""}"
2024-01-11 14:50:05,2024-01-11 15:20:34,IP Address,138.64.239.212,100,1828,True,2024-01-11 15:20:34,R_42fkl7EGnHJFoDm,,,,,35.0203,135.7602,anonymous,JA,男性,41,1,1,1,6,1,1,6,5,1,1,1,1,5,1,1,1,1,1,5,1,1,1,1,1,7,1,1,1,1,1,1,1,1,1,1,5,7,1,1,1,1,1,7,1,1,1,1,1,7,1,1,1,1,1,7,1,1,1,1,1,5,1,1,1,1,1,4,1,1,1,1,1,1,1,1,1,1,6,5,1,1,1,1,5,1,1,1,1,1,6,1,1,1,1,1,2,1,1,3,1,1,1,1,6,1,1,1,1,4,1,1,1,1,1,5,1,1,1,1,1,1,1,1,1,1,6,6,1,1,1,1,1,1,1,1,1,1,7,1,1,1,1,1,7,1,1,1,1,6,1,1,1,1,1,5,1,1,1,1,5,1,1,1,1,1,5,1,1,1,1,1,1,1,6,1,1,1,6,1,1,1,1,1,5,1,1,1,1,1,4,1,1,1,1,1,5,1,1,1,1,1,4,1,1,1,5,1,1,1,1,1,5,1,1,1,1,1,1,1,1,4,4,1,4,1,1,1,4,1,1,1,1,7,1,1,1,1,1,7,1,1,1,6,1,1,1,1,1,1,1,6,1,5,1,1,1,1,1,4,1,1,1,1,1,1,1,1,1,1,5,1,1,1,1,1,6,1,1,1,1,1,4,1,1,1,1,1,7,1,1,1,1,1,5,1,1,1,1,1,7,幸福,幸福,幸福,幸福,幸福,幸福,幸福,幸福,幸福,怒り,怒り,怒り,驚き,怒り,恐怖,驚き,恐怖,61445
2024-01-12 01:45:04,2024-01-12 01:54:04,IP Address,138.199.22.107,100,539,True,2024-01-12 01:54:05,R_4qHy471gDBGSVxV,,,,,35.6893,139.6899,anonymous,JA,女性,25,1,1,1,7,1,1,4,7,5,1,4,1,6,3,4,1,1,1,7,3,3,1,1,1,7,5,5,1,5,2,5,5,3,1,1,5,7,5,4,1,1,2,7,5,5,2,1,4,7,2,2,1,1,1,5,5,6,1,5,3,2,6,4,1,1,1,4,6,5,1,3,1,7,4,3,2,2,5,1,7,1,1,1,2,1,1,1,1,7,1,1,1,1,1,7,1,2,3,2,2,6,2,3,7,3,1,1,1,7,3,3,1,1,1,5,3,4,1,3,2,7,5,5,1,3,2,5,5,6,1,5,7,2,3,3,1,6,1,2,4,5,1,7,1,1,1,1,1,7,1,1,1,1,1,7,1,1,1,1,7,1,1,1,1,1,7,1,1,1,1,1,6,1,1,1,1,1,6,1,2,1,1,1,7,1,1,1,1,1,5,2,1,2,2,1,6,1,2,1,1,1,6,1,1,1,1,1,1,7,1,2,3,4,1,6,2,1,6,1,1,3,1,3,6,4,1,6,2,1,2,2,1,7,1,3,3,3,1,6,1,1,1,1,1,7,1,1,4,6,2,5,1,1,2,1,2,5,1,6,3,4,1,1,1,1,1,1,2,1,5,7,4,3,1,1,3,1,1,1,1,1,7,1,1,1,1,1,7,1,1,1,7,2,1,1,1,1,1,1,7,幸福,幸福,幸福,幸福,幸福,幸福,幸福,幸福,幸福,嫌悪,恐怖,驚き,怒り,恐怖,驚き,恐怖,恐怖,15687
2024-01-12 01:45:15,2024-01-12 02:00:22,IP Address,123.225.205.5,100,907,True,2024-01-12 02:00:23,R_497jFmOXOiG7e2t,,,,,35.8292,139.6789,anonymous,JA,男,40,1,1,1,6,1,1,4,5,5,1,6,3,4,4,5,1,3,3,3,5,5,1,4,3,5,5,7,1,4,6,5,5,5,1,5,6,4,4,6,1,3,5,4,3,6,1,4,6,3,4,7,1,4,6,4,3,6,1,2,6,4,5,3,1,2,2,3,5,3,1,4,3,3,3,5,1,4,5,4,3,4,1,2,6,3,3,5,1,3,2,3,4,4,1,5,3,3,3,4,1,5,3,3,6,3,1,5,3,3,5,5,1,4,3,3,4,5,1,5,3,4,3,6,1,5,7,3,3,7,1,4,6,3,6,3,4,5,3,2,4,3,1,5,4,3,4,4,1,6,5,3,5,3,1,5,4,2,2,2,3,2,2,2,2,2,3,2,1,1,1,1,3,1,3,1,1,1,5,1,3,1,1,1,3,1,2,1,1,1,3,2,1,1,1,1,4,1,2,1,1,1,4,1,1,4,3,2,1,2,1,3,5,4,1,4,2,3,5,6,1,5,5,3,3,5,1,5,4,2,3,3,1,6,2,4,4,4,1,6,3,3,3,4,1,6,2,2,2,2,1,4,2,4,4,3,1,2,3,2,2,3,1,4,3,2,2,5,1,3,6,3,3,6,1,3,7,3,2,3,1,3,4,3,2,6,1,3,6,3,2,4,1,2,5,2,2,4,1,4,6,幸福,幸福,幸福,幸福,幸福,幸福,幸福,幸福,幸福,驚き,嫌悪,恐怖,恐怖,恐怖,驚き,恐怖,恐怖,72980
2024-01-12 01:45:51,2024-01-12 02:02:20,IP Address,61.86.162.145,100,988,True,2024-01-12 02:02:21,R_4fcOn9eT0Hkq3oG,,,,,35.0203,135.7602,anonymous,JA,男性,34,1,1,1,7,1,1,6,7,4,1,4,1,5,6,2,1,3,4,5,5,2,1,2,3,6,5,2,1,2,4,6,5,2,1,1,5,6,5,2,1,4,5,7,5,2,1,1,6,6,4,2,1,1,7,5,4,2,1,1,5,5,5,2,1,4,2,5,5,1,1,2,3,5,3,3,1,3,4,5,5,1,1,1,4,2,2,2,1,5,4,3,1,4,1,4,4,3,3,4,1,4,5,5,4,4,1,4,4,5,4,4,1,4,1,4,4,4,2,2,3,5,4,2,1,1,5,6,5,2,1,1,4,2,4,5,1,6,5,6,5,2,2,2,5,1,3,4,1,7,5,3,5,4,1,6,5,1,1,1,5,1,1,1,1,1,5,1,2,1,1,1,5,1,5,1,1,1,5,1,3,1,1,1,6,1,3,1,1,1,6,1,2,1,1,1,5,1,3,1,1,1,5,1,2,1,3,3,4,2,2,3,4,4,2,3,3,5,5,4,1,5,5,4,4,4,1,5,5,4,5,6,3,6,3,3,4,4,1,4,5,2,1,5,1,6,3,2,2,2,1,5,3,3,2,2,2,2,4,1,1,1,2,2,2,1,1,1,1,1,5,4,1,1,1,1,7,1,1,1,4,1,6,1,1,1,3,1,6,1,1,1,4,1,5,1,1,1,1,1,5,幸福,幸福,幸福,幸福,幸福,幸福,幸福,幸福,幸福,怒り,驚き,驚き,怒り,驚き,驚き,驚き,怒り,63787
2024-01-12 01:50:23,2024-01-12 02:02:33,IP Address,119.231.145.79,100,729,True,2024-01-12 02:02:33,R_4azq2wNjlE2PeBg,,,,,34.6886,135.1959,anonymous,JA,女性,38,2,2,1,5,2,2,5,6,5,2,5,3,3,3,4,3,4,5,5,5,5,3,5,3,5,5,4,3,3,4,3,5,5,2,5,6,5,3,5,3,5,4,5,5,5,2,4,5,6,5,5,3,3,5,3,4,3,5,4,4,3,3,3,4,4,3,3,4,3,4,5,4,3,4,4,3,5,5,2,3,2,4,4,5,3,6,6,3,5,4,2,3,3,3,5,5,4,3,5,3,4,4,4,5,5,4,5,4,4,4,4,3,5,5,3,4,3,5,3,4,4,5,4,3,3,5,5,4,4,5,5,5,3,5,3,3,6,4,4,3,3,4,3,4,3,5,5,3,6,4,3,2,3,3,3,4,2,3,2,5,3,3,2,3,2,5,4,3,3,4,3,3,3,3,3,3,2,5,3,3,2,3,2,3,4,4,4,3,3,3,4,5,3,3,3,5,3,5,4,3,3,3,5,4,4,4,3,4,5,3,3,5,3,4,5,4,3,2,3,3,4,4,3,4,3,3,4,4,2,5,6,2,6,4,4,6,5,2,5,5,2,4,5,4,6,4,3,5,5,3,6,4,2,3,4,3,4,5,2,3,3,4,3,4,4,5,5,3,4,7,3,4,3,5,3,6,3,4,3,4,5,6,4,4,5,3,3,6,3,5,3,4,4,3,3,3,3,3,4,4,幸福,幸福,幸福,幸福,幸福,幸福,幸福,幸福,幸福,嫌悪,嫌悪,驚き,驚き,怒り,恐怖,怒り,怒り,82529
2024-01-12 01:42:31,2024-01-12 02:04:21,IP Address,153.229.234.49,100,1309,True,2024-01-12 02:04:22,R_40Ai6pQrqVPVdUe,,,,,35.1914,136.8859,anonymous,JA,男,40,1,1,1,6,1,1,6,5,2,1,3,1,5,4,3,1,2,3,5,4,2,1,1,2,6,2,1,1,2,5,5,3,2,1,3,6,5,4,3,1,2,6,6,4,2,1,1,6,6,4,2,1,1,5,6,5,2,1,1,4,3,5,2,1,1,2,5,5,3,1,3,2,5,3,1,1,2,4,3,5,1,1,1,4,2,7,3,1,2,3,1,3,2,1,6,3,3,5,1,1,2,2,3,5,2,1,4,3,6,1,3,1,3,2,5,3,1,3,2,2,6,4,3,2,2,4,5,3,1,1,2,6,2,2,3,1,6,3,2,3,3,1,6,4,1,2,2,1,7,4,2,3,3,1,6,4,2,2,1,5,2,1,2,3,1,5,2,1,1,1,1,6,2,4,1,1,1,6,2,5,1,1,1,6,3,2,1,2,2,1,6,2,1,2,2,2,5,3,1,1,1,5,2,3,2,2,3,1,6,1,1,2,3,2,6,2,1,2,3,1,6,4,3,5,3,1,5,4,1,2,2,1,7,3,1,2,3,1,6,3,1,3,2,1,7,3,1,2,2,1,7,4,5,3,1,1,2,2,4,3,1,1,2,2,4,3,1,1,1,6,3,2,2,1,2,6,1,1,2,3,1,5,2,1,2,1,2,6,2,1,1,3,1,5,1,2,3,1,1,6,幸福,幸福,幸福,幸福,幸福,幸福,幸福,幸福,幸福,嫌悪,嫌悪,驚き,驚き,怒り,嫌悪,恐怖,嫌悪,8939
2024-01-12 01:49:47,2024-01-12 02:04:28,IP Address,61.86.53.105,100,880,True,2024-01-12 02:04:29,R_43BaMvy9Nf6P3s1,,,,,34.6813,135.6958,anonymous,JA,男性,37,1,1,1,7,1,1,5,6,4,2,4,1,5,4,2,2,2,4,5,4,1,3,2,2,5,4,5,2,4,5,5,5,4,2,4,5,4,4,4,2,5,5,5,4,3,2,3,5,6,6,2,1,2,3,4,4,5,2,5,5,4,4,5,1,5,4,3,3,4,2,5,2,4,4,2,3,3,5,1,3,3,2,2,5,2,3,4,1,6,4,2,3,4,1,7,3,2,3,4,2,5,2,5,5,4,1,6,4,4,4,4,3,4,3,4,4,3,3,3,4,5,3,2,3,3,5,4,4,4,2,3,6,2,4,5,1,6,5,4,5,5,1,4,5,1,3,4,1,6,5,2,4,4,1,6,3,3,5,4,2,5,3,2,2,3,3,5,2,2,3,4,2,5,5,4,4,5,2,5,5,2,2,3,2,5,4,1,3,5,2,6,2,2,2,3,2,5,2,1,2,3,5,4,3,3,5,4,2,4,4,2,4,4,1,6,2,2,4,5,1,6,5,3,3,4,2,6,5,1,2,4,1,7,4,3,4,5,1,7,5,2,3,5,1,6,4,2,3,4,1,6,2,4,4,4,3,4,2,4,3,3,3,5,2,4,3,2,3,2,5,4,4,2,3,1,5,3,2,2,4,3,5,3,2,2,4,1,5,4,3,2,3,2,5,2,2,2,4,2,5,幸福,幸福,幸福,驚き,驚き,幸福,幸福,嫌悪,驚き,嫌悪,嫌悪,恐怖,驚き,恐怖,恐怖,恐怖,恐怖,72856
2024-01-12 01:45:48,2024-01-12 02:04:43,IP Address,124.145.1.67,100,1134,True,2024-01-12 02:04:43,R_4pXc4EO1YglQfBv,,,,,34.7528,135.5264,anonymous,JA,女,35,2,2,2,5,4,3,5,5,5,3,5,4,4,4,3,2,3,2,3,4,3,3,4,2,4,3,4,3,3,4,4,3,3,3,3,5,5,4,4,3,4,5,5,4,4,3,4,5,5,4,4,4,3,5,4,4,4,3,4,4,4,4,3,3,4,2,4,4,4,3,4,2,4,3,3,3,4,5,4,4,4,3,4,5,4,4,3,3,4,4,4,5,4,2,5,3,3,4,3,2,4,3,5,5,4,3,4,3,3,3,3,3,3,2,3,4,4,2,3,3,4,3,3,3,3,5,4,3,4,3,4,5,5,5,4,2,4,4,4,4,3,3,4,4,4,4,4,2,5,2,4,4,4,2,4,3,3,4,3,3,4,3,4,4,4,4,4,3,4,3,3,4,4,4,4,3,3,5,3,4,3,3,3,5,3,3,3,3,3,2,5,3,4,4,4,4,4,3,3,3,3,4,4,3,4,4,3,2,4,3,4,3,3,3,4,3,4,4,4,3,3,4,5,4,4,4,4,4,3,4,4,2,5,2,3,4,3,2,5,4,3,4,4,2,5,3,3,4,4,3,5,4,4,4,3,2,4,2,4,4,4,4,4,4,4,3,3,3,4,5,5,4,4,3,3,5,5,4,3,3,4,5,4,3,3,3,3,4,4,4,3,3,3,4,4,4,4,3,3,5,幸福,幸福,幸福,驚き,驚き,幸福,幸福,幸福,幸福,嫌悪,嫌悪,驚き,驚き,嫌悪,怒り,驚き,嫌悪,9024
2024-01-12 01:47:24,2024-01-12 02:05:02,IP Address,124.209.254.50,100,1057,True,2024-01-12 02:05:02,R_42KekG5pIzu272L,,,,,35.9027,140.1809,anonymous,JA,女,29,5,5,5,2,1,1,5,7,1,1,1,1,7,6,2,1,1,2,6,6,4,1,1,1,6,6,3,1,2,3,6,5,4,1,2,2,7,6,2,1,1,2,7,5,5,1,1,2,5,5,1,1,1,2,7,5,1,1,1,1,6,7,1,1,1,1,4,7,1,1,1,1,6,6,1,1,1,1,6,6,1,1,1,1,2,2,4,1,6,1,3,5,6,1,5,1,1,6,3,1,2,1,3,2,2,1,6,1,6,6,5,1,1,5,4,6,4,1,1,3,6,6,2,1,1,1,5,5,4,1,1,4,5,5,1,1,3,1,4,5,4,1,2,1,2,1,1,1,7,1,3,1,1,1,7,1,5,6,2,3,1,1,5,6,1,2,1,1,4,4,3,3,1,1,2,1,1,5,1,1,1,1,1,6,1,1,1,1,1,6,1,1,1,1,1,5,1,1,2,2,2,5,1,1,4,6,1,1,1,1,5,7,4,2,2,1,6,6,2,1,4,1,5,4,1,1,7,1,1,1,1,1,6,1,3,2,1,1,6,1,1,3,2,1,6,1,2,1,2,1,7,1,2,3,6,1,1,6,6,6,3,1,1,3,2,4,4,1,1,6,1,1,1,1,1,6,1,1,1,3,1,5,2,1,2,1,1,7,2,1,1,1,1,6,1,1,1,1,1,7,幸福,幸福,幸福,幸福,幸福,幸福,幸福,嫌悪,幸福,嫌悪,嫌悪,怒り,驚き,怒り,怒り,怒り,驚き,37927
2024-01-12 01:43:12,2024-01-12 02:05:42,IP Address,60.111.188.118,100,1350,True,2024-01-12 02:05:43,R_4zO3r1Q7l7nKwwY,,,,,35.6897,139.6895,anonymous,JA,女,39,3,2,1,5,2,1,4,7,4,1,5,2,5,6,4,1,2,1,5,5,2,1,4,2,7,5,4,1,1,2,5,5,3,1,5,3,7,5,3,1,2,3,7,7,3,1,4,2,6,7,4,1,3,3,7,7,5,1,2,2,1,3,3,1,7,5,5,6,4,1,3,1,5,6,4,1,1,3,5,5,3,1,3,2,5,6,5,1,6,1,4,3,5,1,7,2,2,2,1,2,5,5,3,6,6,1,5,2,5,5,2,1,4,3,5,5,2,1,3,2,6,5,4,1,1,2,6,6,3,1,1,3,2,5,4,1,7,3,5,6,4,1,6,3,2,4,4,1,7,3,2,5,4,1,7,5,1,1,2,5,4,2,1,2,1,7,5,3,3,2,2,5,3,5,1,1,2,5,3,5,1,1,1,7,3,4,1,1,2,4,5,2,1,1,2,5,3,5,1,1,1,6,5,2,1,4,5,2,7,2,2,4,5,1,7,3,3,5,5,1,6,4,5,6,6,1,5,2,2,4,5,1,7,2,2,5,2,1,6,5,1,2,3,1,7,5,2,4,4,1,7,5,4,3,2,2,5,4,2,3,2,3,5,2,2,3,4,2,4,5,5,5,3,1,1,2,5,5,2,1,2,4,6,6,5,1,2,5,5,5,2,1,1,4,5,5,2,1,1,4,幸福,幸福,幸福,驚き,幸福,幸福,幸福,幸福,幸福,嫌悪,怒り,怒り,怒り,怒り,怒り,怒り,怒り,20014
2024-01-12 01:42:51,2024-01-12 02:06:12,IP Address,58.188.31.192,100,1400,True,2024-01-12 02:06:13,R_47KH7wzN6pTo9RB,,,,,34.5018,135.8553,anonymous,JA,男,31,1,1,1,5,1,1,2,2,3,1,5,1,3,2,1,1,1,1,3,2,1,1,1,2,5,1,1,1,1,1,6,1,1,1,1,1,5,1,1,1,1,1,5,1,1,1,1,1,5,1,1,1,1,1,4,1,1,1,1,1,3,3,1,1,1,1,3,2,1,1,1,1,4,2,1,1,1,1,4,1,1,1,1,1,1,1,1,1,4,1,1,1,2,1,5,2,1,1,1,1,4,1,3,5,2,1,1,2,4,2,1,1,1,1,4,2,1,1,1,1,5,1,1,1,1,1,5,1,1,1,1,1,4,3,1,1,2,1,3,1,3,1,4,1,2,1,3,1,4,1,3,1,2,1,2,1,1,1,1,5,1,1,1,1,1,5,1,1,1,1,1,4,1,1,1,1,1,4,1,2,1,1,1,5,1,1,1,1,1,4,1,1,1,1,1,4,1,1,1,1,1,4,1,1,1,1,1,2,1,1,1,1,1,3,1,1,2,1,2,1,3,1,1,1,2,1,4,1,1,1,1,1,5,1,1,1,2,1,5,1,1,1,3,1,6,1,1,1,2,1,5,1,3,2,1,1,1,1,4,2,1,1,1,1,4,2,1,1,1,1,5,2,1,1,1,1,2,1,1,1,1,3,2,1,1,1,1,5,2,1,1,1,1,1,2,1,1,1,1,3,幸福,幸福,幸福,幸福,幸福,幸福,幸福,幸福,幸福,怒り,嫌悪,怒り,怒り,怒り,怒り,怒り,怒り,43890
2024-01-12 01:43:48,2024-01-12 02:06:13,IP Address,133.32.179.94,100,1345,True,2024-01-12 02:06:14,R_4Yi8Vc7KwYAaPcU,,,,,34.6947,135.5,anonymous,JA,男性,33,2,2,1,7,1,1,4,6,1,1,2,1,5,3,2,1,1,1,4,4,2,1,2,1,4,4,5,1,3,6,6,5,4,1,2,5,4,5,3,1,2,3,5,6,5,1,3,5,6,5,1,1,1,4,4,3,6,1,3,4,3,6,3,1,2,1,4,6,3,1,3,2,5,5,4,1,1,4,2,2,2,1,4,6,3,3,2,1,5,2,1,2,2,1,6,3,1,2,5,1,4,2,2,2,5,1,6,2,4,3,3,1,2,1,4,3,2,1,2,1,5,4,3,2,3,5,2,2,5,1,3,6,2,2,2,1,5,4,2,3,3,1,7,3,2,2,3,1,6,3,1,1,3,1,7,3,2,1,2,4,4,2,1,1,1,4,3,2,5,4,3,2,2,5,1,1,1,5,2,3,1,1,2,6,1,1,1,1,2,6,2,2,1,1,2,5,2,3,1,1,1,5,3,2,2,2,2,3,5,1,1,2,4,2,3,1,5,4,3,1,4,3,2,2,5,1,6,5,1,1,2,1,7,4,2,2,4,1,7,2,2,2,4,1,7,3,1,1,2,1,7,4,3,2,4,1,2,1,4,3,4,1,4,2,1,1,2,2,1,7,1,1,2,3,2,7,1,1,1,6,1,5,1,1,1,2,1,6,1,1,2,5,1,6,1,1,1,3,1,6,幸福,幸福,幸福,幸福,幸福,幸福,幸福,幸福,幸福,嫌悪,嫌悪,驚き,恐怖,怒り,驚き,恐怖,恐怖,16660
2024-01-12 01:47:33,2024-01-12 02:06:14,IP Address,49.98.2.93,100,1121,True,2024-01-12 02:06:15,R_4El0WR3IM0Zt6Df,,,,,35.6897,139.6895,anonymous,JA,女性,36,2,1,1,5,1,1,6,5,4,1,5,2,4,4,1,1,2,1,5,5,1,1,3,5,5,5,4,1,4,6,4,3,4,1,3,5,6,4,4,1,3,4,5,5,4,1,4,6,5,4,4,1,4,5,6,1,2,1,2,2,5,4,3,1,4,1,5,5,2,1,4,2,5,3,2,1,2,4,5,4,2,1,3,4,4,4,4,1,5,1,1,2,4,1,3,3,3,1,3,1,3,2,5,6,2,1,4,1,2,3,1,1,3,2,4,3,1,1,3,1,4,2,2,1,4,6,5,3,3,1,4,6,4,2,3,1,4,2,4,6,1,1,3,1,2,3,2,1,6,1,2,2,1,1,6,1,2,1,1,3,4,1,2,1,1,3,2,1,3,1,2,3,2,2,1,1,1,4,1,1,1,1,1,5,1,1,1,3,1,1,5,1,1,1,1,4,3,1,2,2,1,3,2,1,2,3,2,2,3,1,1,1,1,4,2,1,5,1,4,1,4,3,3,4,2,2,3,4,1,2,3,1,7,1,2,4,5,1,4,3,2,2,1,1,6,3,4,4,5,1,4,4,4,2,3,1,3,1,2,1,1,1,1,1,3,2,3,1,4,6,3,2,3,1,3,6,2,2,3,1,2,5,2,1,2,1,3,6,4,2,2,1,2,5,1,2,4,1,3,6,嫌悪,幸福,幸福,幸福,幸福,幸福,幸福,幸福,幸福,驚き,怒り,驚き,怒り,怒り,怒り,怒り,怒り,33571
2024-01-12 01:49:09,2024-01-12 02:06:28,IP Address,106.136.115.158,100,1038,True,2024-01-12 02:06:28,R_46lEQrv7eNT728r,,,,,37.0516,140.8816,anonymous,JA,女性,30,1,1,1,5,1,1,5,6,1,1,1,1,1,1,1,2,1,1,1,1,1,2,1,1,1,1,1,1,1,4,1,1,1,1,1,4,1,1,2,1,1,4,1,1,1,1,1,4,1,1,2,1,1,4,1,1,1,1,1,3,1,1,1,1,1,1,1,1,1,1,2,1,1,1,1,1,1,2,1,2,1,1,1,3,1,1,1,1,4,1,1,1,1,1,6,1,1,1,1,1,3,1,1,2,1,1,1,1,1,1,1,2,1,1,1,1,1,1,1,2,1,1,1,1,1,3,1,1,1,1,1,4,1,1,1,1,3,1,1,1,1,1,3,1,1,1,1,1,5,1,1,1,1,1,3,3,1,1,1,3,1,1,1,1,1,3,1,1,1,1,1,3,1,1,1,1,1,3,1,1,1,1,1,3,1,1,1,1,1,2,1,1,1,1,1,3,1,1,1,1,1,2,1,1,1,1,1,2,1,1,1,1,1,2,1,1,1,1,1,1,1,3,1,1,3,1,1,3,1,1,1,1,5,1,1,1,1,1,4,1,1,1,1,1,6,1,1,1,1,1,5,1,1,1,1,1,1,2,1,1,1,1,1,2,1,1,1,1,1,4,1,1,1,1,1,4,1,1,1,1,1,3,1,1,1,1,1,4,1,1,1,1,1,3,1,1,1,1,1,3,幸福,幸福,幸福,幸福,幸福,幸福,幸福,幸福,幸福,驚き,驚き,驚き,驚き,驚き,怒り,驚き,怒り,77059
2024-01-12 01:53:09,2024-01-12 02:08:33,IP Address,123.218.70.140,100,924,True,2024-01-12 02:08:34,R_4WuRcs2o7klMJ2Z,,,,,36.5618,139.7381,anonymous,JA,女性,35,1,1,1,5,1,1,5,7,3,1,6,1,5,5,5,1,5,3,6,6,2,1,5,5,6,5,5,1,5,5,7,6,3,1,7,7,6,5,3,1,5,3,6,5,5,1,5,5,5,5,4,1,3,5,5,5,6,1,5,6,5,5,5,1,5,1,5,5,2,1,5,1,6,6,4,1,5,2,6,6,2,1,3,5,3,5,3,1,7,1,1,5,6,1,7,1,1,1,1,5,6,1,3,6,5,1,6,1,1,1,1,3,1,3,5,3,5,2,4,3,6,6,3,1,3,5,5,5,2,1,1,7,2,6,6,1,7,1,5,5,4,1,6,3,3,2,5,1,7,1,5,6,4,1,7,1,4,2,1,5,2,1,2,3,3,5,1,1,3,5,5,1,6,3,1,1,1,6,1,5,1,1,1,7,1,1,1,1,1,6,1,1,2,2,2,5,5,3,1,1,1,7,1,1,1,3,3,1,7,1,5,5,6,1,6,3,5,6,2,1,7,1,5,5,6,1,7,1,2,5,2,1,7,1,1,5,2,1,7,1,2,6,6,1,7,1,1,5,1,1,7,1,3,3,3,3,3,3,2,2,2,1,2,1,1,1,1,5,1,7,4,1,4,4,2,7,1,1,1,5,1,6,1,1,1,4,1,7,1,1,1,5,1,6,1,1,1,4,1,7,幸福,幸福,幸福,幸福,幸福,幸福,幸福,幸福,幸福,嫌悪,嫌悪,恐怖,恐怖,恐怖,怒り,驚き,怒り,65030
2024-01-12 01:55:34,2024-01-12 02:10:45,IP Address,114.142.107.203,100,910,True,2024-01-12 02:10:45,R_4ssv8xY3vlGAN5p,,,,,31.5649,130.5601,anonymous,JA,男,30,1,1,1,7,1,1,4,7,4,1,1,1,4,4,6,1,1,1,4,6,5,1,1,1,2,4,4,1,1,6,3,6,3,1,1,4,7,2,4,1,1,1,7,3,3,1,1,1,3,4,6,1,1,5,1,6,1,1,1,5,1,7,5,1,1,1,1,7,2,1,1,1,2,6,2,1,1,1,6,1,1,1,1,5,1,7,1,1,1,1,1,4,4,1,6,1,1,6,4,1,1,1,1,7,6,1,1,1,4,2,2,1,1,1,1,1,1,5,1,1,1,1,1,1,1,7,1,1,1,1,1,7,1,6,5,1,1,1,1,4,2,1,5,1,1,3,7,1,1,1,1,1,1,1,7,1,1,1,1,7,1,1,1,1,1,7,1,1,1,1,1,7,1,1,1,1,1,7,1,1,1,1,1,7,1,1,1,5,3,1,4,1,1,1,1,7,1,1,1,1,1,7,1,1,1,7,5,1,1,1,5,4,3,1,4,1,1,3,6,1,6,1,1,1,1,1,7,1,1,1,1,1,7,1,1,1,1,1,7,1,1,1,1,1,7,1,1,1,1,1,7,1,4,1,2,1,1,1,5,1,1,2,1,1,1,1,1,1,1,6,1,1,1,1,1,7,1,1,1,1,1,6,1,1,1,1,1,7,1,1,1,4,1,7,1,1,1,1,1,7,幸福,幸福,幸福,幸福,幸福,幸福,幸福,幸福,幸福,恐怖,怒り,恐怖,驚き,恐怖,嫌悪,怒り,恐怖,33365
2024-01-12 01:45:05,2024-01-12 02:10:52,IP Address,114.162.133.6,100,1546,True,2024-01-12 02:10:52,R_4GOo3mMfr7gpI9b,,,,,38.2138,140.9199,anonymous,JA,女性,36,2,2,2,5,2,2,5,6,3,1,5,2,4,5,4,2,3,2,5,6,5,2,3,3,3,3,4,2,3,4,6,5,4,1,3,5,5,5,3,2,2,4,5,6,5,1,2,4,6,5,4,1,3,3,6,5,3,1,2,3,5,5,4,2,3,2,4,5,5,2,4,2,5,4,5,2,2,4,5,5,5,1,2,3,5,6,4,2,4,3,4,6,5,1,5,3,4,4,4,1,3,3,6,6,5,1,5,2,4,5,4,1,3,2,5,5,4,1,2,2,5,6,5,1,3,5,5,4,5,1,3,3,4,5,6,1,3,2,5,6,4,1,4,4,3,6,6,1,5,3,6,6,5,1,5,3,5,4,4,2,5,2,4,4,4,2,4,2,4,3,3,4,3,2,2,4,3,3,2,2,4,5,3,2,3,2,3,5,5,1,4,2,4,4,3,2,4,2,4,3,3,2,4,2,4,5,5,2,5,2,3,5,4,2,5,2,3,5,6,1,5,2,3,5,6,1,6,2,3,5,5,1,6,2,4,5,6,2,5,2,3,4,5,1,6,2,4,5,5,2,5,2,5,4,5,2,3,2,3,5,3,2,3,3,5,4,5,2,3,5,4,4,3,2,3,5,3,2,3,2,2,6,5,4,3,2,2,5,2,2,2,3,2,2,3,4,4,3,4,6,幸福,幸福,幸福,幸福,幸福,幸福,悲しみ,悲しみ,幸福,嫌悪,嫌悪,驚き,驚き,怒り,怒り,驚き,怒り,52930
2024-01-12 01:50:39,2024-01-12 02:12:24,IP Address,106.129.61.86,100,1304,True,2024-01-12 02:12:25,R_6F5r6fWZdL92NA5,,,,,35.6897,139.6895,anonymous,JA,男性,37,1,1,1,6,2,1,6,5,1,1,2,1,1,3,3,1,3,1,3,2,3,1,1,1,3,2,3,1,1,4,3,3,2,1,1,3,5,1,1,1,1,1,5,2,3,1,1,1,5,1,2,1,1,1,5,1,2,1,1,1,2,3,3,1,2,1,3,1,2,1,3,1,3,1,1,1,1,3,3,1,2,1,1,3,1,1,4,1,7,1,1,1,2,1,7,1,1,3,4,1,6,1,1,1,3,1,6,1,3,2,3,1,1,1,3,3,1,1,1,1,3,1,1,1,1,4,3,2,3,1,1,5,1,1,3,1,5,1,1,1,2,1,5,1,1,1,3,1,7,1,1,1,1,1,6,1,1,1,1,4,1,1,1,1,1,4,1,1,1,1,1,4,1,3,1,1,1,4,1,2,1,1,1,4,4,1,1,1,3,1,5,1,1,1,3,1,5,1,1,1,1,4,1,1,1,1,2,1,5,1,1,1,4,1,5,1,1,1,3,1,5,1,1,2,3,1,5,2,1,1,3,1,7,1,1,1,3,1,7,1,2,1,3,1,7,1,1,1,2,1,7,1,2,1,3,1,1,1,2,1,3,1,1,1,3,1,1,1,1,5,3,1,3,1,1,4,1,1,3,1,1,4,2,3,3,1,1,4,1,1,1,1,1,4,1,1,3,1,1,5,幸福,幸福,幸福,悲しみ,幸福,幸福,幸福,悲しみ,幸福,怒り,怒り,恐怖,恐怖,怒り,恐怖,驚き,驚き,1085
2024-01-12 02:05:01,2024-01-12 02:17:19,IP Address,61.86.53.105,100,738,True,2024-01-12 02:17:20,R_4a8iDjqTkMvM0zI,,,,,34.6813,135.6958,anonymous,JA,男性,37,1,1,1,7,1,1,5,5,4,2,5,2,4,3,3,2,4,1,4,4,3,2,3,2,5,4,2,2,2,5,5,4,3,2,2,5,4,4,4,2,2,6,3,3,4,2,5,5,5,4,4,2,5,5,5,4,3,1,6,5,4,5,3,3,3,3,3,4,4,2,5,2,2,2,2,3,3,5,3,3,3,2,2,5,4,3,4,1,6,3,2,3,3,1,6,4,3,3,3,2,5,3,4,5,4,2,4,4,4,3,4,3,4,2,4,3,3,3,3,4,2,2,3,3,2,6,3,3,4,3,3,6,2,3,4,1,6,5,4,4,5,2,4,5,2,3,4,1,6,5,3,3,4,2,5,5,3,4,4,2,5,3,2,4,2,3,4,3,3,3,2,2,5,5,3,3,3,2,6,5,2,2,4,1,6,3,2,2,3,2,5,2,2,2,2,4,3,4,1,2,2,5,2,4,2,3,3,2,5,3,3,5,4,2,5,3,2,3,4,1,6,5,3,4,4,1,6,5,2,2,4,1,6,4,2,3,4,1,6,5,2,2,4,1,6,5,2,3,4,1,7,5,4,4,3,3,3,2,3,3,3,3,2,4,3,3,2,4,1,5,2,2,2,4,1,5,3,3,2,3,3,5,2,2,3,4,2,5,3,2,2,4,2,5,2,3,2,4,3,5,幸福,幸福,幸福,嫌悪,驚き,幸福,驚き,嫌悪,悲しみ,嫌悪,嫌悪,恐怖,恐怖,恐怖,恐怖,恐怖,恐怖,36402
2024-01-12 01:53:36,2024-01-12 02:23:18,IP Address,49.109.6.35,100,1782,True,2024-01-12 02:23:19,R_4xYwJez0hHvZmSJ,,,,,35.6362,139.7189,anonymous,JA,女性,32,1,1,2,5,1,1,4,5,3,1,5,1,4,4,4,1,3,1,4,3,2,1,4,1,5,1,2,1,1,3,5,2,1,1,1,3,7,2,1,1,2,3,5,3,4,1,1,5,3,2,2,1,2,2,6,3,2,1,1,1,2,4,4,1,3,2,3,3,5,1,4,1,1,1,1,1,3,6,1,1,1,1,1,7,4,3,4,1,4,1,1,1,1,1,5,1,1,1,5,1,5,1,2,7,2,1,3,1,1,1,1,2,2,1,2,1,2,1,3,1,4,2,2,1,2,3,3,2,1,1,1,7,1,2,3,1,6,3,1,2,3,1,6,2,2,3,3,1,4,5,3,3,4,1,5,1,1,1,1,7,1,1,1,1,1,5,1,1,1,1,2,1,3,3,1,1,1,1,2,3,2,1,3,2,3,1,1,1,1,1,6,1,2,1,2,2,2,2,2,3,4,2,2,1,1,1,1,2,6,1,4,4,3,1,5,1,2,1,5,1,7,1,1,3,2,1,5,1,1,1,5,1,7,1,1,1,1,1,7,1,1,1,1,1,7,1,4,2,2,1,4,3,2,3,2,2,2,1,2,1,3,3,3,1,1,1,1,1,1,6,1,2,1,4,3,6,1,1,2,1,1,7,1,1,1,2,1,7,1,3,2,1,1,6,1,2,2,1,1,7,悲しみ,嫌悪,幸福,幸福,幸福,幸福,悲しみ,驚き,幸福,恐怖,嫌悪,驚き,驚き,恐怖,驚き,驚き,嫌悪,51350
2024-01-12 02:15:08,2024-01-12 02:27:07,IP Address,153.207.63.138,100,718,True,2024-01-12 02:27:08,R_4aIC7cwhkSCL2wK,,,,,35.6897,139.6895,anonymous,JA,女性,26,1,1,1,5,2,1,6,5,2,1,1,1,4,3,4,1,1,3,5,5,4,1,1,2,5,6,5,1,1,6,4,1,1,1,1,6,2,6,5,1,1,5,6,1,1,1,1,1,5,1,4,1,1,4,6,5,4,2,2,3,5,6,3,1,1,1,4,5,2,1,1,1,1,1,1,1,1,6,1,1,1,1,1,6,5,1,1,1,1,2,1,5,1,1,1,1,4,5,2,1,1,1,3,5,5,2,3,1,4,5,5,1,1,1,2,6,5,1,1,3,3,5,2,1,1,7,4,4,1,1,1,5,4,5,1,1,1,2,6,6,1,1,1,1,5,5,3,1,1,1,6,5,2,2,1,1,1,3,3,4,1,1,1,3,1,1,1,1,1,1,1,4,2,4,1,3,1,4,1,2,3,5,1,1,1,1,2,4,2,1,2,1,1,4,1,1,2,1,1,1,1,6,1,1,4,6,1,1,1,1,5,6,4,1,1,1,6,7,1,1,1,1,3,5,1,1,1,5,4,6,4,1,1,1,1,5,2,1,1,1,3,7,3,1,3,1,1,5,1,1,1,1,2,1,2,1,1,1,4,5,3,1,1,1,1,1,1,1,1,6,1,1,1,1,1,6,1,1,1,1,1,6,1,1,1,1,1,6,1,1,1,1,1,6,1,1,1,1,1,7,幸福,嫌悪,幸福,幸福,幸福,嫌悪,嫌悪,嫌悪,幸福,怒り,怒り,驚き,驚き,怒り,恐怖,恐怖,恐怖,55329
2024-01-12 02:10:10,2024-01-12 02:29:20,IP Address,106.154.146.85,100,1149,True,2024-01-12 02:29:20,R_4zOI8QSgGa1Kd5T,,,,,34.6823,135.5105,anonymous,JA,女性,25,2,1,1,5,3,1,4,5,3,2,4,2,1,2,2,3,5,3,2,2,2,3,2,1,6,6,3,1,4,6,5,4,2,1,1,4,1,3,2,5,2,4,1,1,1,4,2,4,1,2,1,3,2,4,1,2,1,4,2,4,6,7,4,1,2,1,2,4,3,3,5,1,3,3,2,2,2,5,4,4,4,3,4,6,3,5,5,2,5,3,2,3,2,4,2,3,1,2,3,4,3,2,3,5,2,3,4,1,5,5,4,2,4,2,5,6,4,2,3,2,2,3,2,4,2,5,6,5,4,3,5,6,4,5,5,2,6,1,5,5,5,2,5,4,2,3,1,2,6,2,2,3,4,1,5,3,1,3,1,6,2,1,1,2,2,4,3,2,2,2,2,5,3,4,1,2,1,6,2,4,1,2,1,4,2,1,1,1,1,5,2,1,1,1,1,6,3,1,1,1,1,5,2,1,1,3,2,3,4,1,2,3,3,2,4,1,6,6,6,2,6,4,5,4,5,1,4,5,1,2,1,4,2,1,2,2,4,3,4,2,3,2,3,1,5,2,3,2,3,2,4,3,6,6,5,2,5,3,2,4,4,2,4,4,2,2,5,2,3,4,4,4,5,1,4,5,1,2,2,4,2,5,2,3,4,4,2,6,1,2,1,5,2,4,2,2,3,5,2,5,幸福,幸福,幸福,幸福,幸福,幸福,幸福,幸福,幸福,嫌悪,嫌悪,怒り,驚き,恐怖,驚き,驚き,驚き,6213
2024-01-12 02:17:49,2024-01-12 02:29:33,IP Address,61.86.53.105,100,703,True,2024-01-12 02:29:33,R_4asCv2aKlrFcBp5,,,,,34.6813,135.6958,anonymous,JA,男性,37,1,1,1,6,2,1,4,5,5,2,5,2,4,4,3,2,3,2,5,4,3,2,5,3,4,4,2,2,3,5,3,4,4,3,3,5,5,5,3,2,4,5,4,4,3,2,5,5,4,5,4,2,4,5,4,4,3,2,4,5,4,5,3,2,4,2,4,5,4,2,5,2,3,3,2,3,2,5,3,2,3,3,2,5,3,3,4,1,6,4,2,2,3,1,7,3,2,4,4,2,5,2,3,3,3,1,6,4,3,4,4,3,5,3,3,2,3,2,4,2,4,4,3,2,3,5,4,3,3,3,2,5,2,3,4,1,7,5,3,4,4,2,5,5,2,3,4,1,6,5,3,4,5,2,6,4,3,4,4,3,5,2,3,3,3,2,5,2,3,4,4,2,5,5,3,3,3,1,5,5,2,3,4,2,5,4,2,4,4,2,5,4,2,3,5,2,5,4,2,2,2,4,2,3,2,4,4,1,6,2,3,4,5,2,5,2,3,4,5,1,7,5,2,3,5,1,6,5,2,2,4,1,7,5,2,3,4,1,7,5,2,2,3,1,7,4,2,2,3,1,6,5,4,3,2,2,3,2,3,2,3,2,4,2,3,3,2,3,2,5,2,1,2,4,2,5,2,2,1,4,2,5,2,2,1,4,1,5,2,1,2,4,2,5,2,2,1,4,2,5,幸福,幸福,幸福,驚き,驚き,悲しみ,幸福,嫌悪,驚き,怒り,嫌悪,恐怖,恐怖,嫌悪,恐怖,恐怖,恐怖,67264
2024-01-12 02:30:05,2024-01-12 02:42:05,IP Address,61.86.53.105,100,719,True,2024-01-12 02:42:06,R_4r6wP2292MvibwR,,,,,34.6813,135.6958,anonymous,JA,男性,37,1,1,1,6,2,1,5,6,5,2,6,1,5,5,3,2,4,3,4,5,3,2,4,3,3,4,5,1,6,5,4,5,4,1,5,5,4,5,5,2,4,5,5,5,4,2,4,5,5,4,4,2,5,5,4,4,5,1,6,5,4,5,3,2,4,3,4,5,3,2,4,3,3,3,2,2,2,5,3,4,3,2,4,5,2,3,4,1,7,3,2,2,3,1,7,3,3,4,4,1,6,2,3,5,6,1,5,4,4,3,4,3,3,4,4,5,3,2,3,3,3,2,3,3,3,5,4,4,3,3,2,5,2,4,5,1,7,5,3,5,5,1,7,5,2,3,3,1,7,5,3,3,4,1,6,5,2,4,5,2,5,4,3,4,5,1,6,4,3,4,5,2,6,5,3,5,5,1,5,5,2,3,4,1,7,4,2,3,4,2,5,2,2,4,4,2,6,5,2,2,2,4,2,3,3,5,5,2,5,4,2,4,5,1,5,3,2,3,4,1,6,5,2,5,5,1,6,5,2,2,4,1,7,4,2,2,3,1,7,4,2,2,3,1,7,5,2,4,5,1,7,5,2,2,3,3,2,4,3,2,2,3,3,3,3,2,2,4,3,5,3,2,2,3,2,5,2,2,2,4,1,5,2,1,1,4,1,5,2,3,3,2,3,5,2,2,2,4,1,5,幸福,驚き,驚き,悲しみ,驚き,悲しみ,幸福,幸福,悲しみ,怒り,怒り,恐怖,恐怖,恐怖,驚き,恐怖,恐怖,64087
2024-01-12 02:31:39,2024-01-12 02:52:14,IP Address,114.146.70.128,100,1235,True,2024-01-12 02:52:15,R_4OlTTAtpjd4ToxF,,,,,35.4346,139.6483,anonymous,JA,女性,23,1,1,1,6,1,2,5,5,3,1,6,1,4,4,4,2,3,2,3,3,3,5,1,1,4,6,3,2,2,5,5,3,3,2,2,5,5,5,3,2,4,1,5,5,6,1,2,4,5,6,4,1,3,5,4,4,3,3,2,4,3,4,2,3,3,1,2,2,2,3,3,1,1,1,1,3,1,5,3,2,3,2,5,5,3,3,4,2,5,3,2,3,3,2,6,3,3,5,5,2,2,2,4,5,4,2,5,1,1,2,2,5,1,2,2,2,2,5,1,1,5,4,4,2,3,5,4,3,4,2,3,7,2,3,3,2,5,4,3,4,4,3,2,5,1,3,3,2,7,3,1,3,2,2,6,2,1,1,1,7,2,1,1,2,2,6,3,1,1,1,1,6,1,4,1,1,1,6,1,3,1,2,2,5,3,1,1,1,1,5,3,1,1,2,2,5,2,1,1,1,2,6,3,2,1,1,1,5,4,1,1,3,1,3,5,1,3,3,3,4,5,4,3,4,6,2,4,6,1,2,2,3,7,3,1,2,2,2,5,1,1,2,2,1,7,3,2,3,3,2,6,3,2,1,1,4,1,1,2,1,1,5,2,1,3,1,1,2,1,5,2,1,2,1,2,5,1,1,1,2,1,5,1,1,2,5,1,5,1,2,2,3,1,4,2,2,2,3,3,6,幸福,幸福,幸福,幸福,幸福,幸福,幸福,幸福,幸福,嫌悪,嫌悪,怒り,驚き,怒り,怒り,恐怖,恐怖,63469
2024-01-12 02:43:14,2024-01-12 02:57:18,IP Address,126.129.211.164,100,843,True,2024-01-12 02:57:19,R_4JCne6AxY61GLy9,,,,,37.161,140.3001,anonymous,JA,男性,30,1,1,1,4,1,1,5,4,1,1,1,1,2,2,1,1,1,2,1,2,1,1,1,2,2,1,1,1,1,2,2,1,1,1,1,3,2,1,1,2,1,3,2,2,1,1,1,3,2,1,1,1,1,3,3,2,1,1,1,1,1,1,1,1,2,1,1,1,1,1,2,1,1,2,1,1,1,2,1,1,1,1,1,3,1,1,1,1,4,1,1,1,1,1,6,1,1,1,1,1,4,1,2,3,1,1,1,1,1,1,1,1,1,2,1,1,1,1,1,2,1,1,1,1,1,3,1,1,1,1,1,4,1,1,1,1,3,1,1,1,1,1,1,3,1,1,1,1,5,1,1,1,1,1,3,2,1,1,1,2,1,1,1,1,1,2,1,1,1,1,1,3,1,1,1,1,1,3,1,1,1,1,1,2,1,1,1,1,1,2,1,1,1,1,1,2,1,1,1,1,1,2,1,1,1,1,1,2,1,1,1,1,1,2,1,1,1,1,1,1,1,3,1,1,1,1,1,3,1,1,1,1,5,1,1,1,1,1,5,1,1,1,1,1,4,1,1,1,1,1,3,1,1,1,1,1,1,2,1,1,1,1,1,2,1,1,1,1,1,3,1,1,1,1,1,4,1,1,1,1,1,5,1,1,1,1,1,4,1,1,1,1,1,4,1,1,1,1,1,4,幸福,幸福,幸福,幸福,幸福,幸福,幸福,幸福,幸福,嫌悪,嫌悪,驚き,驚き,怒り,怒り,怒り,怒り,10768
2024-01-12 02:42:16,2024-01-12 03:02:48,IP Address,153.229.69.79,100,1231,True,2024-01-12 03:02:49,R_4q3kbIScpIeCRGh,,,,,35.6897,139.6895,anonymous,JA,男,37,1,1,1,7,1,3,4,5,3,1,6,2,2,6,4,1,2,2,4,6,2,1,1,1,2,4,6,1,1,7,5,4,3,1,3,5,7,4,3,1,2,4,7,4,3,1,1,3,7,3,4,1,3,4,7,4,2,1,3,4,4,7,3,1,2,3,3,6,2,1,3,2,6,4,2,1,1,3,1,3,1,1,1,6,1,4,4,1,7,1,1,1,5,1,6,3,2,3,5,1,7,1,1,3,4,1,7,3,5,6,3,1,1,1,7,4,3,1,2,2,5,3,1,1,1,4,6,1,3,1,1,4,2,4,3,1,7,5,2,2,3,1,5,4,1,4,1,1,7,5,1,4,3,1,6,4,1,1,1,4,1,1,1,1,1,7,1,3,1,1,1,3,1,5,1,1,1,6,1,4,1,1,1,6,1,3,1,1,1,4,1,1,1,1,1,5,1,4,1,1,1,5,1,2,1,1,1,3,1,3,1,1,1,5,1,3,3,3,4,1,3,6,6,1,4,1,1,1,2,3,5,1,7,5,1,3,6,1,7,5,1,2,4,1,7,3,1,1,4,1,6,3,4,3,6,1,2,2,4,5,1,1,3,2,3,1,4,1,1,5,3,1,5,1,1,7,1,1,6,1,1,6,1,1,5,1,1,7,1,1,1,4,1,4,1,1,3,1,1,5,幸福,幸福,幸福,幸福,悲しみ,幸福,幸福,幸福,幸福,嫌悪,嫌悪,驚き,嫌悪,怒り,怒り,怒り,恐怖,67664
2024-01-12 02:49:20,2024-01-12 03:04:12,IP Address,116.64.150.104,100,891,True,2024-01-12 03:04:13,R_4EH03eRkSwPVUNX,,,,,35.6532,139.6416,anonymous,JA,女,41,1,2,1,7,2,4,6,6,4,1,6,4,1,3,1,1,1,1,4,6,5,2,3,4,5,5,1,1,1,1,4,3,4,1,3,1,7,6,6,1,4,5,6,5,6,1,5,5,6,3,1,1,1,1,7,5,4,1,1,4,3,2,1,1,1,1,2,2,2,1,2,2,3,1,1,1,1,5,3,3,1,1,3,3,1,6,1,1,1,1,2,6,2,1,3,2,1,6,1,1,1,1,5,6,2,1,1,1,2,1,1,1,1,1,1,1,1,1,2,1,2,1,1,1,2,3,1,5,1,1,5,5,4,2,1,1,1,1,3,5,3,1,5,2,4,6,4,1,5,5,1,5,1,1,3,1,1,1,1,1,5,1,1,1,1,5,1,1,1,1,1,6,1,4,1,1,1,1,6,1,2,2,2,4,2,5,1,1,1,2,1,2,1,2,1,2,1,1,1,1,1,4,1,1,1,2,1,1,1,1,1,1,1,1,5,3,6,5,6,1,3,4,3,4,3,1,3,3,1,1,1,1,7,1,2,5,2,1,5,2,1,1,1,1,4,1,2,6,2,1,1,1,1,1,1,4,3,4,1,1,1,1,1,2,3,3,3,3,3,6,1,1,1,5,1,7,1,2,2,3,2,6,1,1,1,1,1,3,1,1,1,5,1,7,1,1,1,1,1,6,幸福,幸福,幸福,幸福,幸福,幸福,幸福,幸福,幸福,怒り,恐怖,驚き,嫌悪,怒り,驚き,嫌悪,驚き,15520
2024-01-12 02:49:37,2024-01-12 03:08:59,IP Address,14.9.135.129,100,1161,True,2024-01-12 03:09:00,R_4ZrXOPDEGgHYLyV,,,,,43.0763,141.3654,anonymous,JA,男,31,4,3,1,5,2,1,6,6,4,1,3,3,5,5,5,1,2,2,3,4,4,1,6,5,7,5,4,1,1,3,5,5,4,1,3,5,7,6,5,1,4,5,7,7,7,1,4,7,7,6,5,1,4,4,7,7,7,1,4,7,5,5,1,1,1,3,5,5,4,2,2,3,7,7,7,2,5,6,4,5,5,2,2,6,4,6,6,1,1,4,4,7,7,1,4,4,1,1,1,5,1,5,4,7,5,1,4,6,5,5,4,1,1,1,5,5,2,1,4,4,7,6,5,1,1,4,6,6,5,1,4,5,5,5,5,1,7,5,1,7,4,1,7,5,2,6,7,1,4,4,5,6,5,1,6,4,6,5,5,1,5,3,4,6,5,1,6,4,3,5,5,2,4,1,4,6,5,1,5,4,5,3,6,1,5,1,1,6,5,1,6,3,1,6,1,1,6,4,4,5,5,3,3,5,1,6,4,1,6,4,6,5,6,1,6,3,4,4,6,1,7,5,5,6,6,1,5,6,6,6,5,1,7,4,4,6,7,1,7,5,5,6,5,1,7,4,1,6,7,1,7,6,5,6,5,2,6,6,4,5,5,1,4,6,4,5,4,1,6,7,6,6,5,1,2,7,5,4,3,1,2,5,4,4,6,1,1,7,5,3,5,1,4,5,5,6,7,1,1,6,幸福,幸福,幸福,幸福,幸福,悲しみ,幸福,悲しみ,幸福,怒り,嫌悪,恐怖,驚き,恐怖,怒り,怒り,怒り,6537
2024-01-12 02:55:30,2024-01-12 03:12:37,IP Address,123.217.200.140,100,1026,True,2024-01-12 03:12:37,R_4MB4WL90DSiuPqV,,,,,34.3773,132.4741,anonymous,JA,男性,38,3,3,3,6,4,3,5,5,3,3,4,3,5,6,6,4,5,3,5,4,4,4,5,4,5,5,5,4,4,4,6,5,4,4,4,4,6,5,4,4,4,4,6,4,4,4,4,4,6,6,4,4,4,5,6,5,4,4,4,4,4,5,4,4,4,4,4,5,4,4,4,4,5,5,5,4,4,4,5,5,4,3,4,4,4,6,6,4,6,4,4,6,6,4,6,4,4,6,4,4,6,4,4,5,5,4,5,4,5,5,5,4,4,4,4,5,5,4,4,4,5,5,4,4,4,4,5,5,4,4,4,5,4,5,5,4,4,4,4,6,5,4,4,4,3,6,6,4,6,3,4,6,6,4,6,4,4,4,4,5,4,4,4,5,5,4,5,4,4,5,5,4,4,4,4,6,6,4,4,4,4,4,4,6,4,4,4,4,4,6,4,4,4,4,4,6,4,4,4,4,4,6,4,4,4,6,5,4,5,4,4,5,5,4,4,4,4,6,5,4,5,4,4,5,5,4,5,4,4,6,6,4,4,4,4,5,5,4,5,4,3,6,6,3,6,3,4,6,6,4,6,4,4,5,5,4,4,4,5,4,5,4,4,4,4,5,5,4,4,5,4,4,4,4,4,6,4,5,4,4,4,4,4,5,4,4,4,5,5,5,5,4,4,4,4,5,4,4,4,4,幸福,幸福,幸福,幸福,幸福,幸福,幸福,幸福,幸福,恐怖,嫌悪,驚き,怒り,怒り,怒り,怒り,怒り,61904
2024-01-12 02:58:43,2024-01-12 03:12:52,IP Address,126.208.253.173,100,849,True,2024-01-12 03:12:53,R_4vYpLFIgZmbERX4,,,,,35.6897,139.6895,anonymous,JA,男,39,2,2,2,5,2,1,5,6,3,1,2,1,3,4,4,3,4,2,3,4,4,2,5,3,3,3,4,3,3,6,3,4,4,2,4,5,3,6,6,2,5,5,3,4,4,3,4,5,3,6,4,2,4,5,3,4,4,3,3,4,3,2,3,3,5,4,3,4,4,2,5,3,3,3,4,3,4,5,2,4,4,2,5,4,2,3,3,2,6,3,3,5,5,2,4,3,3,4,4,2,5,3,3,4,4,2,5,3,2,2,2,4,2,1,2,2,2,3,2,2,3,4,4,3,4,5,2,3,3,3,4,6,4,5,4,2,5,5,3,3,4,2,6,4,2,3,3,3,5,4,3,6,4,2,5,3,2,2,3,4,3,2,2,2,2,4,3,2,2,2,2,5,2,2,2,2,2,6,2,3,3,3,3,3,4,2,2,2,2,5,2,2,2,2,2,5,2,2,2,2,2,5,2,2,2,3,3,2,6,3,4,4,5,3,4,2,3,3,3,2,5,4,2,3,3,2,5,3,2,3,3,2,6,3,2,2,3,2,5,2,2,3,3,2,5,3,3,2,2,2,6,2,2,2,2,4,3,2,2,2,2,3,3,1,3,3,4,3,4,5,3,3,3,3,3,5,2,2,3,4,2,5,3,3,4,3,3,6,2,3,3,3,3,6,2,3,4,3,3,6,幸福,幸福,幸福,幸福,幸福,幸福,幸福,幸福,幸福,悲しみ,嫌悪,嫌悪,嫌悪,嫌悪,嫌悪,嫌悪,嫌悪,63521
2024-01-12 03:01:43,2024-01-12 03:15:06,IP Address,179.6.54.138,100,802,True,2024-01-12 03:15:07,R_5liNYxPbjlBuBq9,,,,,-7.163,-78.5008,anonymous,JA,男性,45,2,2,2,6,2,4,5,6,5,2,5,4,3,4,4,2,5,4,3,4,6,2,5,5,4,2,5,2,5,5,5,3,5,2,4,6,5,4,5,2,4,5,5,4,5,2,4,5,5,3,5,2,5,4,5,5,5,2,4,5,2,4,5,2,5,4,4,6,5,2,4,4,5,3,4,2,4,4,5,5,4,2,5,5,4,5,5,2,5,4,2,5,6,2,5,3,3,5,5,2,5,4,2,5,6,2,5,3,2,4,5,2,5,3,4,3,4,3,4,4,5,4,4,2,3,6,5,6,5,2,4,6,2,2,5,2,6,5,4,2,5,2,5,5,2,3,5,2,5,3,2,3,5,2,5,4,3,2,3,4,5,3,3,3,3,4,5,4,3,3,3,5,3,4,2,3,5,2,6,5,2,2,4,2,5,4,3,4,5,2,4,4,3,3,3,5,2,4,2,2,3,5,2,3,2,5,6,2,5,3,3,5,5,2,6,4,2,5,5,2,5,3,4,5,5,2,5,6,2,4,5,2,6,4,2,5,6,2,6,3,2,3,5,2,6,4,2,4,5,2,6,4,4,3,5,2,4,4,3,4,5,2,4,4,4,4,4,2,4,5,4,4,5,3,4,5,3,3,5,4,4,5,4,2,4,2,4,7,2,4,4,2,5,5,3,4,5,2,4,6,幸福,幸福,幸福,悲しみ,幸福,幸福,幸福,幸福,幸福,嫌悪,嫌悪,驚き,驚き,驚き,驚き,驚き,恐怖,91211
2024-01-12 02:58:22,2024-01-12 03:19:01,IP Address,106.154.153.156,100,1239,True,2024-01-12 03:19:02,R_1Uzz5OFymvJYjjb,,,,,35.6897,139.6895,anonymous,JA,男,23,1,2,2,4,2,1,3,5,4,1,6,1,4,5,5,3,4,4,6,6,4,2,3,4,5,5,5,2,5,6,4,3,4,2,2,6,2,4,5,2,3,7,6,5,6,1,5,6,2,4,6,1,4,7,7,3,4,1,2,5,5,4,4,2,6,3,6,6,4,1,6,4,2,3,3,2,5,6,5,3,4,2,3,5,4,5,4,1,7,2,2,3,5,2,6,4,5,7,3,2,5,3,5,6,3,1,3,2,1,2,2,4,2,5,4,4,5,4,4,5,2,3,4,3,3,6,2,3,4,3,2,6,4,4,6,1,6,3,5,4,4,2,6,3,2,3,4,2,6,4,4,4,5,2,6,3,2,3,1,4,2,2,4,3,2,3,5,1,3,4,4,3,5,4,5,3,5,4,4,5,1,1,2,7,2,1,1,1,2,4,3,1,3,3,2,3,4,3,3,2,1,5,2,2,3,3,4,1,7,3,4,3,4,3,6,2,5,3,4,1,7,4,2,4,7,1,3,5,2,3,4,1,7,1,2,2,6,1,7,1,2,3,4,1,7,2,2,3,4,1,7,2,2,3,4,4,2,3,4,4,4,3,3,5,2,2,2,5,2,7,1,2,3,4,2,6,2,2,4,3,2,7,1,2,2,5,2,7,2,2,4,3,2,7,1,1,2,5,1,6,幸福,幸福,幸福,幸福,驚き,幸福,幸福,幸福,幸福,嫌悪,嫌悪,驚き,嫌悪,恐怖,驚き,怒り,恐怖,249
2024-01-12 03:12:08,2024-01-12 03:28:02,IP Address,14.13.233.64,100,953,True,2024-01-12 03:28:03,R_4EFCM5M5Qiz4Iay,,,,,36.0802,136.2311,anonymous,JA,男,39,1,1,1,6,1,1,4,5,2,1,3,2,4,2,2,1,2,2,2,2,1,2,2,1,2,2,3,1,4,2,5,2,2,1,3,3,6,4,1,1,2,1,5,3,2,1,2,3,4,3,1,1,3,3,5,3,1,1,3,2,5,3,2,1,3,1,3,2,2,1,4,1,4,3,1,2,2,4,5,2,1,1,2,1,3,4,2,1,5,1,1,1,1,1,7,1,2,2,1,2,4,1,3,4,1,1,6,1,1,1,1,4,1,1,1,1,1,4,1,1,2,2,2,2,1,5,4,2,2,2,2,3,2,1,2,1,3,2,1,1,1,4,2,1,2,1,1,1,6,1,2,1,2,1,6,1,1,1,1,6,1,1,1,1,1,4,2,1,1,1,1,5,1,2,1,1,1,7,1,1,1,1,1,3,4,1,1,1,1,4,3,1,1,1,1,4,2,1,1,1,1,4,1,1,3,2,2,4,3,1,3,3,2,1,4,1,1,1,2,2,4,1,4,3,2,1,4,2,1,3,2,1,5,2,1,3,1,1,5,1,2,1,2,2,4,1,2,3,2,1,4,1,1,1,2,3,2,2,1,1,1,3,1,1,3,2,2,2,2,4,2,2,3,2,2,3,2,1,2,4,2,3,4,2,2,2,2,3,2,2,2,2,1,5,3,1,1,3,1,4,幸福,幸福,幸福,幸福,幸福,幸福,幸福,幸福,幸福,怒り,怒り,怒り,怒り,怒り,怒り,怒り,怒り,92209
2024-01-12 03:09:47,2024-01-12 03:35:24,IP Address,106.150.243.118,100,1537,True,2024-01-12 03:35:25,R_41uFqZqGwcKhjOR,,,,,35.8691,139.6582,anonymous,JA,女性,29,1,1,1,7,1,1,1,7,5,1,6,1,5,6,2,1,1,4,1,6,3,1,1,4,5,4,2,1,1,7,7,1,1,1,1,5,7,6,3,1,2,5,5,4,1,1,2,7,5,1,1,1,1,6,1,5,6,1,1,5,4,6,2,1,1,1,4,6,5,1,1,3,1,1,1,1,1,5,1,1,1,1,1,6,2,5,4,1,4,1,1,1,1,1,6,1,1,6,3,1,4,1,4,6,5,1,1,1,1,1,4,1,1,7,1,4,1,1,1,5,6,3,2,1,1,6,7,4,2,1,1,6,1,4,1,1,7,6,3,7,6,1,4,1,1,3,2,1,7,1,1,1,1,1,6,6,5,6,3,1,1,2,1,1,1,5,1,1,1,1,1,1,5,4,1,1,1,6,1,1,1,1,1,5,1,1,1,1,1,5,1,1,1,6,5,1,1,5,1,1,1,5,1,1,2,6,5,1,1,1,1,6,4,1,1,1,4,5,5,1,6,2,6,4,4,1,1,7,1,4,3,1,7,1,1,3,5,1,7,2,1,1,1,1,7,1,1,4,4,1,7,1,1,1,1,1,1,4,1,1,1,1,1,7,1,1,1,1,1,7,1,1,1,1,1,7,1,1,1,5,1,4,1,1,1,1,1,7,1,1,1,4,1,5,1,1,1,1,1,7,幸福,幸福,幸福,幸福,幸福,幸福,幸福,幸福,幸福,嫌悪,怒り,怒り,恐怖,嫌悪,恐怖,驚き,嫌悪,82253
2024-01-12 03:29:08,2024-01-12 03:58:54,IP Address,58.3.246.206,100,1785,True,2024-01-12 03:58:55,R_41BBEXoeIeSk2R3,,,,,32.8034,130.7162,anonymous,JA,男性,35,2,3,2,5,2,1,4,6,4,2,6,4,4,5,4,4,4,4,4,5,4,4,4,4,6,5,4,2,4,4,6,5,5,2,3,3,6,5,4,2,3,2,6,4,3,3,5,4,6,5,4,1,2,2,6,6,2,1,4,2,5,5,4,3,5,3,2,3,2,2,6,3,2,2,2,2,3,6,5,4,2,2,6,5,3,5,3,2,7,3,3,3,3,1,7,2,3,4,3,2,6,2,3,3,3,1,6,2,2,2,2,5,2,3,2,2,2,2,2,2,3,4,4,2,2,6,3,3,3,2,4,6,2,5,2,1,7,5,4,6,5,1,7,5,3,4,2,2,7,3,5,5,4,2,6,3,3,5,3,2,6,2,1,2,2,1,6,1,3,5,3,2,6,4,4,5,4,5,5,5,3,6,4,1,7,3,3,3,2,1,6,2,3,4,2,2,6,2,2,2,2,4,2,2,3,2,2,2,6,2,2,2,2,2,5,2,4,3,3,2,6,3,5,5,3,2,6,6,2,5,2,1,7,1,4,5,3,3,6,4,3,2,2,1,7,4,3,5,2,1,7,3,2,2,2,2,2,2,2,2,2,4,2,2,1,3,3,2,2,7,3,3,3,2,2,6,2,4,5,1,2,6,3,3,4,2,2,6,3,3,3,2,4,6,3,3,3,2,2,6,幸福,幸福,幸福,幸福,幸福,幸福,幸福,幸福,幸福,嫌悪,嫌悪,驚き,驚き,悲しみ,怒り,怒り,怒り,61795
2024-01-12 03:27:34,2024-01-12 04:01:13,IP Address,180.147.152.41,100,2019,True,2024-01-12 04:01:14,R_4Rryzdw444O383Y,,,,,34.6886,135.1959,anonymous,JA,女性,27,1,1,1,7,1,1,7,7,7,1,7,1,1,2,5,1,1,1,7,7,7,1,6,1,7,7,1,1,1,1,2,4,4,1,4,6,7,7,1,1,1,1,7,7,1,1,1,1,7,7,1,1,1,1,7,7,7,1,4,1,7,7,7,1,6,1,5,6,5,1,4,1,7,7,7,1,4,2,1,2,2,1,1,1,4,7,7,1,7,6,5,5,5,5,5,1,1,1,1,7,1,1,5,7,7,1,6,1,5,5,3,1,4,1,5,4,5,1,1,5,4,4,4,1,4,1,7,7,4,1,3,4,4,7,4,1,7,1,4,7,5,1,7,2,1,4,1,1,7,1,7,7,7,1,7,1,1,1,1,7,1,1,1,1,1,6,1,1,1,3,3,4,3,4,1,1,1,5,2,5,1,1,1,7,1,1,1,1,1,7,1,1,1,1,1,7,1,1,1,1,1,7,1,1,3,4,4,1,7,1,1,2,1,4,4,1,7,7,7,1,7,1,7,7,7,1,7,1,4,5,5,2,7,1,4,5,7,2,7,1,1,1,1,1,7,1,4,6,4,1,7,1,1,1,1,1,1,1,1,1,1,1,1,1,1,1,1,1,1,5,4,4,4,4,3,6,1,1,1,1,1,1,1,1,1,1,1,5,4,4,4,4,4,5,2,2,5,1,4,5,幸福,幸福,幸福,幸福,幸福,幸福,幸福,幸福,幸福,嫌悪,恐怖,怒り,怒り,怒り,怒り,怒り,怒り,99540
2024-01-12 03:40:36,2024-01-12 04:03:07,IP Address,126.91.148.11,100,1351,True,2024-01-12 04:03:08,R_4QEJ7aF2IXNpL3f,,,,,35.6897,139.6895,anonymous,JA,女性,27,1,2,2,6,1,1,1,4,1,1,7,2,3,4,2,1,1,1,1,3,4,1,5,3,6,2,1,1,2,1,5,3,1,1,3,1,7,2,1,1,1,1,7,3,3,1,1,1,7,2,1,1,3,1,7,3,2,1,3,1,1,3,1,1,4,1,1,7,5,1,2,1,4,1,1,1,1,2,1,1,1,2,1,6,1,4,3,1,1,1,1,3,3,1,4,1,1,3,2,1,4,1,2,5,2,1,1,2,1,2,2,1,2,3,2,4,5,1,1,2,1,2,2,1,1,7,5,4,2,1,1,1,3,4,3,1,7,1,5,3,2,1,3,1,2,2,1,1,7,1,7,5,1,1,3,1,1,1,1,5,1,1,1,1,1,5,1,1,1,1,1,5,1,2,1,1,1,7,1,1,1,1,1,6,1,1,1,1,1,7,2,1,1,1,1,7,1,1,1,1,1,6,1,1,1,1,1,2,4,1,5,3,2,1,1,1,2,3,2,1,7,2,2,4,1,1,6,2,1,2,1,1,7,1,1,3,2,1,7,3,2,3,2,1,6,1,3,2,1,1,4,1,1,3,2,1,4,1,1,4,3,1,1,1,2,3,3,1,1,6,2,2,2,1,1,5,1,1,1,2,1,3,2,3,3,1,1,6,1,1,1,3,1,7,1,1,1,3,1,5,幸福,幸福,幸福,幸福,幸福,幸福,嫌悪,幸福,幸福,怒り,嫌悪,嫌悪,驚き,恐怖,驚き,恐怖,恐怖,67128
2024-01-12 03:53:35,2024-01-12 04:08:20,IP Address,123.0.69.137,100,884,True,2024-01-12 04:08:21,R_4xzKmT7kNghzV9T,,,,,36.3934,139.7437,anonymous,JA,女,26,2,3,6,5,3,2,5,5,5,2,5,2,5,3,4,2,4,3,3,3,5,2,2,2,5,6,4,3,4,3,5,5,5,2,3,6,5,4,4,2,4,5,5,5,5,2,2,3,5,6,5,3,5,5,3,3,2,4,4,2,3,4,4,3,4,2,5,3,3,2,4,3,5,5,5,3,4,5,5,5,5,2,5,5,5,5,4,2,4,2,4,5,4,2,5,3,3,4,5,2,5,2,6,5,4,2,4,5,2,3,3,2,3,3,4,3,1,2,2,3,3,3,2,2,3,3,6,5,5,4,3,3,2,5,4,5,2,4,5,5,5,3,3,3,5,5,6,4,4,3,6,5,4,2,3,4,4,3,3,4,4,3,4,5,5,3,2,4,3,4,3,4,2,2,6,5,4,2,5,5,2,1,2,4,4,4,5,4,5,3,5,3,2,3,2,4,3,2,3,4,2,4,5,5,3,4,3,4,2,2,2,2,3,5,3,2,5,4,6,3,5,5,6,5,5,3,4,3,3,4,5,2,6,2,4,5,5,2,5,2,4,4,4,2,4,4,3,1,4,4,6,4,3,3,4,3,4,3,2,2,1,4,2,2,4,6,4,3,3,5,5,2,2,2,3,6,5,5,5,3,6,6,4,1,4,5,5,3,5,5,3,2,4,5,3,5,3,2,2,5,悲しみ,嫌悪,怒り,嫌悪,幸福,驚き,嫌悪,幸福,恐怖,幸福,悲しみ,悲しみ,悲しみ,嫌悪,怒り,幸福,嫌悪,43627
2024-01-12 04:24:46,2024-01-12 04:43:22,IP Address,111.104.162.76,100,1115,True,2024-01-12 04:43:23,R_4AToYswgmGBWEbW,,,,,36.5666,139.9125,anonymous,JA,女性,29,2,4,5,1,2,1,5,7,6,1,5,1,3,2,1,1,2,1,2,1,1,1,1,1,3,4,3,1,4,5,4,5,7,1,2,6,5,2,1,1,1,2,4,2,2,1,1,3,7,5,5,1,1,5,4,1,1,1,1,2,1,2,2,1,2,1,2,4,3,1,5,1,1,4,1,1,1,6,1,1,1,1,1,4,2,5,2,1,6,1,1,5,1,1,7,1,1,1,1,1,2,1,1,5,3,1,7,1,1,1,1,1,1,1,1,1,1,2,1,1,2,2,2,1,2,7,1,1,1,1,1,2,1,1,1,1,7,1,4,4,2,1,7,1,1,1,1,1,7,1,2,2,4,1,7,1,1,1,1,3,1,1,1,1,1,5,1,1,1,1,1,3,1,1,1,1,1,2,1,1,1,1,1,4,1,1,1,1,1,3,1,1,1,1,1,5,1,1,1,1,1,3,1,1,1,1,1,2,1,1,1,1,1,4,1,1,2,2,2,2,4,3,2,2,2,1,6,1,1,1,1,1,3,1,1,1,1,1,7,1,1,2,3,1,7,1,1,1,1,1,7,1,1,1,1,1,1,2,1,1,1,1,1,2,1,2,1,1,1,7,1,1,1,1,1,7,1,1,1,3,1,7,1,1,1,1,1,7,1,1,1,3,1,5,1,1,1,1,1,7,幸福,幸福,幸福,驚き,幸福,幸福,幸福,幸福,幸福,嫌悪,嫌悪,驚き,驚き,恐怖,恐怖,恐怖,恐怖,52880
2024-01-12 05:10:24,2024-01-12 05:24:58,IP Address,217.178.239.115,100,873,True,2024-01-12 05:24:59,R_4CPIlucU5Yu6Klu,,,,,34.6837,135.5236,anonymous,JA,女,37,1,1,1,7,1,1,7,7,1,1,1,1,6,5,1,1,5,1,4,6,1,1,1,1,7,1,1,1,5,1,7,7,1,1,7,1,7,7,1,1,5,1,7,6,1,1,7,1,5,5,1,1,7,1,7,7,1,1,7,1,1,3,1,1,4,1,2,2,1,1,3,1,1,3,1,1,3,1,4,4,1,1,4,1,1,7,1,1,7,1,1,4,1,1,7,1,1,7,1,1,7,1,5,7,1,1,7,1,1,3,1,1,4,1,2,2,1,1,2,1,7,6,1,1,5,1,6,6,1,1,4,1,7,4,1,1,6,1,7,6,1,1,7,1,1,7,1,1,7,1,1,7,1,1,7,1,1,2,1,1,4,1,1,3,1,1,4,1,4,1,1,1,7,1,2,2,1,1,4,1,1,1,1,1,3,1,1,1,1,3,1,1,1,2,1,1,3,1,1,1,1,4,1,1,1,1,1,1,7,1,3,1,1,1,7,1,5,5,1,1,7,1,1,5,1,1,7,1,1,7,1,1,7,1,1,7,1,1,7,1,1,7,1,1,7,1,1,1,1,1,7,1,5,4,1,1,1,1,1,1,1,1,1,1,5,6,1,1,4,1,5,5,1,1,5,1,1,1,1,1,1,4,1,1,5,1,1,7,1,1,1,1,1,4,1,1,1,1,1,5,幸福,幸福,幸福,幸福,幸福,幸福,幸福,幸福,幸福,嫌悪,怒り,怒り,嫌悪,怒り,怒り,怒り,怒り,58964
