,Stimulus,Average_ratings,Emotion_type,id,Stimulus_type
0,AngerPrototype1,0.375,Anger,1,Prototype
1,AngerPrototype1,0.2,Anger,2,Prototype
2,AngerPrototype1,0.23809523809523808,Anger,3,Prototype
3,AngerPrototype1,0.13636363636363635,Anger,4,Prototype
4,AngerPrototype1,0.2777777777777778,Anger,5,Prototype
5,AngerPrototype1,0.2631578947368421,Anger,6,Prototype
6,AngerPrototype1,0.2222222222222222,Anger,7,Prototype
7,AngerPrototype1,0.3684210526315789,Anger,8,Prototype
8,AngerPrototype1,0.2631578947368421,Anger,9,Prototype
9,AngerPrototype1,0.3333333333333333,Anger,10,Prototype
10,AngerPrototype1,0.38461538461538464,Anger,11,Prototype
11,AngerPrototype1,0.3076923076923077,Anger,12,Prototype
12,AngerPrototype1,0.14285714285714285,Anger,13,Prototype
13,AngerPrototype1,0.20833333333333334,Anger,14,Prototype
14,AngerPrototype1,0.23529411764705882,Anger,15,Prototype
15,AngerPrototype1,0.2,Anger,16,Prototype
16,AngerPrototype1,0.08333333333333333,Anger,17,Prototype
17,AngerPrototype1,0.23529411764705882,Anger,18,Prototype
18,AngerPrototype1,0.23529411764705882,Anger,19,Prototype
19,AngerPrototype1,0.25,Anger,20,Prototype
20,AngerPrototype1,0.0625,Anger,21,Prototype
21,AngerPrototype1,0.2222222222222222,Anger,22,Prototype
22,AngerPrototype1,0.22727272727272727,Anger,23,Prototype
23,AngerPrototype1,0.21052631578947367,Anger,24,Prototype
24,AngerPrototype1,0.2222222222222222,Anger,25,Prototype
25,AngerPrototype1,0.11764705882352941,Anger,26,Prototype
26,AngerPrototype1,0.125,Anger,27,Prototype
27,AngerPrototype1,0.25,Anger,28,Prototype
28,AngerPrototype1,0.1724137931034483,Anger,29,Prototype
29,AngerPrototype1,0.15,Anger,30,Prototype
30,AngerPrototype1,0.13636363636363635,Anger,31,Prototype
31,AngerPrototype1,0.16,Anger,32,Prototype
32,AngerPrototype1,0.3076923076923077,Anger,33,Prototype
33,AngerPrototype1,0.2631578947368421,Anger,34,Prototype
34,AngerPrototype1,0.16,Anger,35,Prototype
35,AngerPrototype1,0.09090909090909091,Anger,36,Prototype
36,AngerPrototype1,0.25,Anger,37,Prototype
37,AngerPrototype1,0.23809523809523808,Anger,38,Prototype
38,AngerPrototype1,0.3,Anger,39,Prototype
39,AngerPrototype1,0.3157894736842105,Anger,40,Prototype
40,AngerPrototype2,0.4375,Anger,1,Prototype
41,AngerPrototype2,0.14285714285714285,Anger,2,Prototype
42,AngerPrototype2,0.2777777777777778,Anger,3,Prototype
43,AngerPrototype2,0.19230769230769232,Anger,4,Prototype
44,AngerPrototype2,0.3333333333333333,Anger,5,Prototype
45,AngerPrototype2,0.29411764705882354,Anger,6,Prototype
46,AngerPrototype2,0.15789473684210525,Anger,7,Prototype
47,AngerPrototype2,0.3157894736842105,Anger,8,Prototype
48,AngerPrototype2,0.2631578947368421,Anger,9,Prototype
49,AngerPrototype2,0.3,Anger,10,Prototype
50,AngerPrototype2,0.2857142857142857,Anger,11,Prototype
51,AngerPrototype2,0.25,Anger,12,Prototype
52,AngerPrototype2,0.14285714285714285,Anger,13,Prototype
53,AngerPrototype2,0.24,Anger,14,Prototype
54,AngerPrototype2,0.2222222222222222,Anger,15,Prototype
55,AngerPrototype2,0.20833333333333334,Anger,16,Prototype
56,AngerPrototype2,0.2727272727272727,Anger,17,Prototype
57,AngerPrototype2,0.2222222222222222,Anger,18,Prototype
58,AngerPrototype2,0.26666666666666666,Anger,19,Prototype
59,AngerPrototype2,0.2777777777777778,Anger,20,Prototype
60,AngerPrototype2,0.16666666666666666,Anger,21,Prototype
61,AngerPrototype2,0.22727272727272727,Anger,22,Prototype
62,AngerPrototype2,0.19047619047619047,Anger,23,Prototype
63,AngerPrototype2,0.1875,Anger,24,Prototype
64,AngerPrototype2,0.125,Anger,25,Prototype
65,AngerPrototype2,0.26666666666666666,Anger,26,Prototype
66,AngerPrototype2,0.16666666666666666,Anger,27,Prototype
67,AngerPrototype2,0.13043478260869565,Anger,28,Prototype
68,AngerPrototype2,0.19230769230769232,Anger,29,Prototype
69,AngerPrototype2,0.14285714285714285,Anger,30,Prototype
70,AngerPrototype2,0.12,Anger,31,Prototype
71,AngerPrototype2,0.24,Anger,32,Prototype
72,AngerPrototype2,0.2,Anger,33,Prototype
73,AngerPrototype2,0.0625,Anger,34,Prototype
74,AngerPrototype2,0.16,Anger,35,Prototype
75,AngerPrototype2,0.2413793103448276,Anger,36,Prototype
76,AngerPrototype2,0.058823529411764705,Anger,37,Prototype
77,AngerPrototype2,0.17647058823529413,Anger,38,Prototype
78,AngerPrototype2,0.2857142857142857,Anger,39,Prototype
79,AngerPrototype2,0.2857142857142857,Anger,40,Prototype
80,AngerPrototype3,0.28,Anger,1,Prototype
81,AngerPrototype3,0.17857142857142858,Anger,2,Prototype
82,AngerPrototype3,0.3,Anger,3,Prototype
83,AngerPrototype3,0.20833333333333334,Anger,4,Prototype
84,AngerPrototype3,0.35294117647058826,Anger,5,Prototype
85,AngerPrototype3,0.2,Anger,6,Prototype
86,AngerPrototype3,0.19047619047619047,Anger,7,Prototype
87,AngerPrototype3,0.2857142857142857,Anger,8,Prototype
88,AngerPrototype3,0.35,Anger,9,Prototype
89,AngerPrototype3,0.5,Anger,10,Prototype
90,AngerPrototype3,0.17391304347826086,Anger,11,Prototype
91,AngerPrototype3,0.2,Anger,12,Prototype
92,AngerPrototype3,0.1111111111111111,Anger,13,Prototype
93,AngerPrototype3,0.2222222222222222,Anger,14,Prototype
94,AngerPrototype3,0.1111111111111111,Anger,15,Prototype
95,AngerPrototype3,0.15789473684210525,Anger,16,Prototype
96,AngerPrototype3,0.21428571428571427,Anger,17,Prototype
97,AngerPrototype3,0.25,Anger,18,Prototype
98,AngerPrototype3,0.38461538461538464,Anger,19,Prototype
99,AngerPrototype3,0.20833333333333334,Anger,20,Prototype
100,AngerPrototype3,0.23076923076923078,Anger,21,Prototype
101,AngerPrototype3,0.2,Anger,22,Prototype
102,AngerPrototype3,0.125,Anger,23,Prototype
103,AngerPrototype3,0.18181818181818182,Anger,24,Prototype
104,AngerPrototype3,0.25,Anger,25,Prototype
105,AngerPrototype3,0.09523809523809523,Anger,26,Prototype
106,AngerPrototype3,0.35714285714285715,Anger,27,Prototype
107,AngerPrototype3,0.3333333333333333,Anger,28,Prototype
108,AngerPrototype3,0.18518518518518517,Anger,29,Prototype
109,AngerPrototype3,0.13636363636363635,Anger,30,Prototype
110,AngerPrototype3,0.17391304347826086,Anger,31,Prototype
111,AngerPrototype3,0.17857142857142858,Anger,32,Prototype
112,AngerPrototype3,0.14285714285714285,Anger,33,Prototype
113,AngerPrototype3,0.25,Anger,34,Prototype
114,AngerPrototype3,0.24,Anger,35,Prototype
115,AngerPrototype3,0.3888888888888889,Anger,36,Prototype
116,AngerPrototype3,0.46153846153846156,Anger,37,Prototype
117,AngerPrototype3,0.2,Anger,38,Prototype
118,AngerPrototype3,0.15,Anger,39,Prototype
119,AngerPrototype3,0.4375,Anger,40,Prototype
120,AngerPrototype4,0.25,Anger,1,Prototype
121,AngerPrototype4,0.18518518518518517,Anger,2,Prototype
122,AngerPrototype4,0.3,Anger,3,Prototype
123,AngerPrototype4,0.11538461538461539,Anger,4,Prototype
124,AngerPrototype4,0.25,Anger,5,Prototype
125,AngerPrototype4,0.2,Anger,6,Prototype
126,AngerPrototype4,0.19047619047619047,Anger,7,Prototype
127,AngerPrototype4,0.3,Anger,8,Prototype
128,AngerPrototype4,0.22727272727272727,Anger,9,Prototype
129,AngerPrototype4,0.5454545454545454,Anger,10,Prototype
130,AngerPrototype4,0.2608695652173913,Anger,11,Prototype
131,AngerPrototype4,0.2,Anger,12,Prototype
132,AngerPrototype4,0.1111111111111111,Anger,13,Prototype
133,AngerPrototype4,0.22580645161290322,Anger,14,Prototype
134,AngerPrototype4,0.16666666666666666,Anger,15,Prototype
135,AngerPrototype4,0.25,Anger,16,Prototype
136,AngerPrototype4,0.23076923076923078,Anger,17,Prototype
137,AngerPrototype4,0.23809523809523808,Anger,18,Prototype
138,AngerPrototype4,0.38461538461538464,Anger,19,Prototype
139,AngerPrototype4,0.2857142857142857,Anger,20,Prototype
140,AngerPrototype4,0.29411764705882354,Anger,21,Prototype
141,AngerPrototype4,0.13636363636363635,Anger,22,Prototype
142,AngerPrototype4,0.16666666666666666,Anger,23,Prototype
143,AngerPrototype4,0.25,Anger,24,Prototype
144,AngerPrototype4,0.2222222222222222,Anger,25,Prototype
145,AngerPrototype4,0.23809523809523808,Anger,26,Prototype
146,AngerPrototype4,0.25,Anger,27,Prototype
147,AngerPrototype4,0.21739130434782608,Anger,28,Prototype
148,AngerPrototype4,0.2222222222222222,Anger,29,Prototype
149,AngerPrototype4,0.13636363636363635,Anger,30,Prototype
150,AngerPrototype4,0.2,Anger,31,Prototype
151,AngerPrototype4,0.19047619047619047,Anger,32,Prototype
152,AngerPrototype4,0.3125,Anger,33,Prototype
153,AngerPrototype4,0.4375,Anger,34,Prototype
154,AngerPrototype4,0.25,Anger,35,Prototype
155,AngerPrototype4,0.09523809523809523,Anger,36,Prototype
156,AngerPrototype4,0.35714285714285715,Anger,37,Prototype
157,AngerPrototype4,0.19230769230769232,Anger,38,Prototype
158,AngerPrototype4,0.16,Anger,39,Prototype
159,AngerPrototype4,0.2916666666666667,Anger,40,Prototype
160,AngerBO1,0.35,Anger,1,BO
161,AngerBO1,0.17391304347826086,Anger,2,BO
162,AngerBO1,0.2608695652173913,Anger,3,BO
163,AngerBO1,0.2,Anger,4,BO
164,AngerBO1,0.23809523809523808,Anger,5,BO
165,AngerBO1,0.16666666666666666,Anger,6,BO
166,AngerBO1,0.2,Anger,7,BO
167,AngerBO1,0.3684210526315789,Anger,8,BO
168,AngerBO1,0.3333333333333333,Anger,9,BO
169,AngerBO1,0.5,Anger,10,BO
170,AngerBO1,0.2222222222222222,Anger,11,BO
171,AngerBO1,0.2727272727272727,Anger,12,BO
172,AngerBO1,0.1,Anger,13,BO
173,AngerBO1,0.2608695652173913,Anger,14,BO
174,AngerBO1,0.4375,Anger,15,BO
175,AngerBO1,0.23809523809523808,Anger,16,BO
176,AngerBO1,0.5,Anger,17,BO
177,AngerBO1,0.18181818181818182,Anger,18,BO
178,AngerBO1,0.4375,Anger,19,BO
179,AngerBO1,0.1,Anger,20,BO
180,AngerBO1,0.058823529411764705,Anger,21,BO
181,AngerBO1,0.20833333333333334,Anger,22,BO
182,AngerBO1,0.16,Anger,23,BO
183,AngerBO1,0.25,Anger,24,BO
184,AngerBO1,0.2,Anger,25,BO
185,AngerBO1,0.3333333333333333,Anger,26,BO
186,AngerBO1,0.2413793103448276,Anger,27,BO
187,AngerBO1,0.25,Anger,28,BO
188,AngerBO1,0.2222222222222222,Anger,29,BO
189,AngerBO1,0.1111111111111111,Anger,30,BO
190,AngerBO1,0.2,Anger,31,BO
191,AngerBO1,0.08695652173913043,Anger,32,BO
192,AngerBO1,0.4,Anger,33,BO
193,AngerBO1,0.2916666666666667,Anger,34,BO
194,AngerBO1,0.2727272727272727,Anger,35,BO
195,AngerBO1,0.3888888888888889,Anger,36,BO
196,AngerBO1,0.5384615384615384,Anger,37,BO
197,AngerBO1,0.20833333333333334,Anger,38,BO
198,AngerBO1,0.4166666666666667,Anger,39,BO
199,AngerBO1,0.3181818181818182,Anger,40,BO
200,AngerBO2,0.2916666666666667,Anger,1,BO
201,AngerBO2,0.16666666666666666,Anger,2,BO
202,AngerBO2,0.3181818181818182,Anger,3,BO
203,AngerBO2,0.19230769230769232,Anger,4,BO
204,AngerBO2,0.3,Anger,5,BO
205,AngerBO2,0.22727272727272727,Anger,6,BO
206,AngerBO2,0.2,Anger,7,BO
207,AngerBO2,0.3333333333333333,Anger,8,BO
208,AngerBO2,0.2916666666666667,Anger,9,BO
209,AngerBO2,0.5,Anger,10,BO
210,AngerBO2,0.2,Anger,11,BO
211,AngerBO2,0.2,Anger,12,BO
212,AngerBO2,0.1111111111111111,Anger,13,BO
213,AngerBO2,0.2222222222222222,Anger,14,BO
214,AngerBO2,0.4375,Anger,15,BO
215,AngerBO2,0.21739130434782608,Anger,16,BO
216,AngerBO2,0.38461538461538464,Anger,17,BO
217,AngerBO2,0.13636363636363635,Anger,18,BO
218,AngerBO2,0.2631578947368421,Anger,19,BO
219,AngerBO2,0.5454545454545454,Anger,20,BO
220,AngerBO2,0.07692307692307693,Anger,21,BO
221,AngerBO2,0.17391304347826086,Anger,22,BO
222,AngerBO2,0.2,Anger,23,BO
223,AngerBO2,0.21739130434782608,Anger,24,BO
224,AngerBO2,0.2,Anger,25,BO
225,AngerBO2,0.3684210526315789,Anger,26,BO
226,AngerBO2,0.21428571428571427,Anger,27,BO
227,AngerBO2,0.21212121212121213,Anger,28,BO
228,AngerBO2,0.23076923076923078,Anger,29,BO
229,AngerBO2,0.13043478260869565,Anger,30,BO
230,AngerBO2,0.2,Anger,31,BO
231,AngerBO2,0.20689655172413793,Anger,32,BO
232,AngerBO2,0.3125,Anger,33,BO
233,AngerBO2,0.25,Anger,34,BO
234,AngerBO2,0.24,Anger,35,BO
235,AngerBO2,0.3888888888888889,Anger,36,BO
236,AngerBO2,0.4375,Anger,37,BO
237,AngerBO2,0.22727272727272727,Anger,38,BO
238,AngerBO2,0.3076923076923077,Anger,39,BO
239,AngerBO2,0.30434782608695654,Anger,40,BO
240,AngerBO3,0.5,Anger,1,BO
241,AngerBO3,0.12,Anger,2,BO
242,AngerBO3,0.2857142857142857,Anger,3,BO
243,AngerBO3,0.2222222222222222,Anger,4,BO
244,AngerBO3,0.3157894736842105,Anger,5,BO
245,AngerBO3,0.3,Anger,6,BO
246,AngerBO3,0.2,Anger,7,BO
247,AngerBO3,0.3333333333333333,Anger,8,BO
248,AngerBO3,0.25,Anger,9,BO
249,AngerBO3,0.5,Anger,10,BO
250,AngerBO3,0.3333333333333333,Anger,11,BO
251,AngerBO3,0.21739130434782608,Anger,12,BO
252,AngerBO3,0.1,Anger,13,BO
253,AngerBO3,0.21739130434782608,Anger,14,BO
254,AngerBO3,0.15,Anger,15,BO
255,AngerBO3,0.2727272727272727,Anger,16,BO
256,AngerBO3,0.45454545454545453,Anger,17,BO
257,AngerBO3,0.2,Anger,18,BO
258,AngerBO3,0.25,Anger,19,BO
259,AngerBO3,0.3125,Anger,20,BO
260,AngerBO3,0.07692307692307693,Anger,21,BO
261,AngerBO3,0.16666666666666666,Anger,22,BO
262,AngerBO3,0.2,Anger,23,BO
263,AngerBO3,0.20833333333333334,Anger,24,BO
264,AngerBO3,0.2222222222222222,Anger,25,BO
265,AngerBO3,0.3181818181818182,Anger,26,BO
266,AngerBO3,0.46153846153846156,Anger,27,BO
267,AngerBO3,0.25925925925925924,Anger,28,BO
268,AngerBO3,0.20689655172413793,Anger,29,BO
269,AngerBO3,0.125,Anger,30,BO
270,AngerBO3,0.20833333333333334,Anger,31,BO
271,AngerBO3,0.08333333333333333,Anger,32,BO
272,AngerBO3,0.26666666666666666,Anger,33,BO
273,AngerBO3,0.3333333333333333,Anger,34,BO
274,AngerBO3,0.3,Anger,35,BO
275,AngerBO3,0.3888888888888889,Anger,36,BO
276,AngerBO3,0.4666666666666667,Anger,37,BO
277,AngerBO3,0.1724137931034483,Anger,38,BO
278,AngerBO3,0.2916666666666667,Anger,39,BO
279,AngerBO3,0.25,Anger,40,BO
280,AngerBO4,0.2,Anger,1,BO
281,AngerBO4,0.18181818181818182,Anger,2,BO
282,AngerBO4,0.2777777777777778,Anger,3,BO
283,AngerBO4,0.13043478260869565,Anger,4,BO
284,AngerBO4,0.3157894736842105,Anger,5,BO
285,AngerBO4,0.16,Anger,6,BO
286,AngerBO4,0.17391304347826086,Anger,7,BO
287,AngerBO4,0.4375,Anger,8,BO
288,AngerBO4,0.2916666666666667,Anger,9,BO
289,AngerBO4,0.4444444444444444,Anger,10,BO
290,AngerBO4,0.19047619047619047,Anger,11,BO
291,AngerBO4,0.42857142857142855,Anger,12,BO
292,AngerBO4,0.125,Anger,13,BO
293,AngerBO4,0.17857142857142858,Anger,14,BO
294,AngerBO4,0.06666666666666667,Anger,15,BO
295,AngerBO4,0.3,Anger,16,BO
296,AngerBO4,0.45454545454545453,Anger,17,BO
297,AngerBO4,0.20833333333333334,Anger,18,BO
298,AngerBO4,0.42857142857142855,Anger,19,BO
299,AngerBO4,0.2727272727272727,Anger,20,BO
300,AngerBO4,0.07142857142857142,Anger,21,BO
301,AngerBO4,0.18181818181818182,Anger,22,BO
302,AngerBO4,0.16,Anger,23,BO
303,AngerBO4,0.2,Anger,24,BO
304,AngerBO4,0.3333333333333333,Anger,25,BO
305,AngerBO4,0.3333333333333333,Anger,26,BO
306,AngerBO4,0.3181818181818182,Anger,27,BO
307,AngerBO4,0.21212121212121213,Anger,28,BO
308,AngerBO4,0.2222222222222222,Anger,29,BO
309,AngerBO4,0.14285714285714285,Anger,30,BO
310,AngerBO4,0.19230769230769232,Anger,31,BO
311,AngerBO4,0.3181818181818182,Anger,32,BO
312,AngerBO4,0.3333333333333333,Anger,33,BO
313,AngerBO4,0.05263157894736842,Anger,34,BO
314,AngerBO4,0.2857142857142857,Anger,35,BO
315,AngerBO4,0.25925925925925924,Anger,36,BO
316,AngerBO4,0.4117647058823529,Anger,37,BO
317,AngerBO4,0.16666666666666666,Anger,38,BO
318,AngerBO4,0.4,Anger,39,BO
319,AngerBO4,0.2916666666666667,Anger,40,BO
0,DisgustPrototype1,0.4,Disgust,1,Prototype
1,DisgustPrototype1,0.29411764705882354,Disgust,2,Prototype
2,DisgustPrototype1,0.2631578947368421,Disgust,3,Prototype
3,DisgustPrototype1,0.15,Disgust,4,Prototype
4,DisgustPrototype1,0.35714285714285715,Disgust,5,Prototype
5,DisgustPrototype1,0.17391304347826086,Disgust,6,Prototype
6,DisgustPrototype1,0.2,Disgust,7,Prototype
7,DisgustPrototype1,0.4117647058823529,Disgust,8,Prototype
8,DisgustPrototype1,0.15,Disgust,9,Prototype
9,DisgustPrototype1,0.3,Disgust,10,Prototype
10,DisgustPrototype1,0.375,Disgust,11,Prototype
11,DisgustPrototype1,0.2222222222222222,Disgust,12,Prototype
12,DisgustPrototype1,0.16666666666666666,Disgust,13,Prototype
13,DisgustPrototype1,0.22727272727272727,Disgust,14,Prototype
14,DisgustPrototype1,0.4375,Disgust,15,Prototype
15,DisgustPrototype1,0.23809523809523808,Disgust,16,Prototype
16,DisgustPrototype1,0.25,Disgust,17,Prototype
17,DisgustPrototype1,0.23809523809523808,Disgust,18,Prototype
18,DisgustPrototype1,0.25,Disgust,19,Prototype
19,DisgustPrototype1,0.35294117647058826,Disgust,20,Prototype
20,DisgustPrototype1,0.3333333333333333,Disgust,21,Prototype
21,DisgustPrototype1,0.25,Disgust,22,Prototype
22,DisgustPrototype1,0.23809523809523808,Disgust,23,Prototype
23,DisgustPrototype1,0.25,Disgust,24,Prototype
24,DisgustPrototype1,0.14285714285714285,Disgust,25,Prototype
25,DisgustPrototype1,0.35,Disgust,26,Prototype
26,DisgustPrototype1,0.2222222222222222,Disgust,27,Prototype
27,DisgustPrototype1,0.3125,Disgust,28,Prototype
28,DisgustPrototype1,0.2,Disgust,29,Prototype
29,DisgustPrototype1,0.1,Disgust,30,Prototype
30,DisgustPrototype1,0.18181818181818182,Disgust,31,Prototype
31,DisgustPrototype1,0.16666666666666666,Disgust,32,Prototype
32,DisgustPrototype1,0.2,Disgust,33,Prototype
33,DisgustPrototype1,0.4,Disgust,34,Prototype
34,DisgustPrototype1,0.2,Disgust,35,Prototype
35,DisgustPrototype1,0.2413793103448276,Disgust,36,Prototype
36,DisgustPrototype1,0.2727272727272727,Disgust,37,Prototype
37,DisgustPrototype1,0.2,Disgust,38,Prototype
38,DisgustPrototype1,0.2222222222222222,Disgust,39,Prototype
39,DisgustPrototype1,0.2727272727272727,Disgust,40,Prototype
40,DisgustPrototype2,0.3,Disgust,1,Prototype
41,DisgustPrototype2,0.2631578947368421,Disgust,2,Prototype
42,DisgustPrototype2,0.29411764705882354,Disgust,3,Prototype
43,DisgustPrototype2,0.17391304347826086,Disgust,4,Prototype
44,DisgustPrototype2,0.2631578947368421,Disgust,5,Prototype
45,DisgustPrototype2,0.15789473684210525,Disgust,6,Prototype
46,DisgustPrototype2,0.19047619047619047,Disgust,7,Prototype
47,DisgustPrototype2,0.4666666666666667,Disgust,8,Prototype
48,DisgustPrototype2,0.3,Disgust,9,Prototype
49,DisgustPrototype2,0.2222222222222222,Disgust,10,Prototype
50,DisgustPrototype2,0.3157894736842105,Disgust,11,Prototype
51,DisgustPrototype2,0.2631578947368421,Disgust,12,Prototype
52,DisgustPrototype2,0.14285714285714285,Disgust,13,Prototype
53,DisgustPrototype2,0.2631578947368421,Disgust,14,Prototype
54,DisgustPrototype2,0.5384615384615384,Disgust,15,Prototype
55,DisgustPrototype2,0.22727272727272727,Disgust,16,Prototype
56,DisgustPrototype2,0.09090909090909091,Disgust,17,Prototype
57,DisgustPrototype2,0.2,Disgust,18,Prototype
58,DisgustPrototype2,0.17647058823529413,Disgust,19,Prototype
59,DisgustPrototype2,0.35714285714285715,Disgust,20,Prototype
60,DisgustPrototype2,0.2222222222222222,Disgust,21,Prototype
61,DisgustPrototype2,0.22727272727272727,Disgust,22,Prototype
62,DisgustPrototype2,0.23809523809523808,Disgust,23,Prototype
63,DisgustPrototype2,0.15384615384615385,Disgust,24,Prototype
64,DisgustPrototype2,0.14285714285714285,Disgust,25,Prototype
65,DisgustPrototype2,0.35294117647058826,Disgust,26,Prototype
66,DisgustPrototype2,0.18181818181818182,Disgust,27,Prototype
67,DisgustPrototype2,0.23809523809523808,Disgust,28,Prototype
68,DisgustPrototype2,0.2,Disgust,29,Prototype
69,DisgustPrototype2,0.19047619047619047,Disgust,30,Prototype
70,DisgustPrototype2,0.24,Disgust,31,Prototype
71,DisgustPrototype2,0.2222222222222222,Disgust,32,Prototype
72,DisgustPrototype2,0.15384615384615385,Disgust,33,Prototype
73,DisgustPrototype2,0.3,Disgust,34,Prototype
74,DisgustPrototype2,0.16666666666666666,Disgust,35,Prototype
75,DisgustPrototype2,0.2727272727272727,Disgust,36,Prototype
76,DisgustPrototype2,0.4117647058823529,Disgust,37,Prototype
77,DisgustPrototype2,0.15,Disgust,38,Prototype
78,DisgustPrototype2,0.25,Disgust,39,Prototype
79,DisgustPrototype2,0.2,Disgust,40,Prototype
80,DisgustPrototype3,0.17391304347826086,Disgust,1,Prototype
81,DisgustPrototype3,0.14285714285714285,Disgust,2,Prototype
82,DisgustPrototype3,0.15789473684210525,Disgust,3,Prototype
83,DisgustPrototype3,0.16666666666666666,Disgust,4,Prototype
84,DisgustPrototype3,0.1875,Disgust,5,Prototype
85,DisgustPrototype3,0.19047619047619047,Disgust,6,Prototype
86,DisgustPrototype3,0.13636363636363635,Disgust,7,Prototype
87,DisgustPrototype3,0.375,Disgust,8,Prototype
88,DisgustPrototype3,0.3,Disgust,9,Prototype
89,DisgustPrototype3,0.2,Disgust,10,Prototype
90,DisgustPrototype3,0.25,Disgust,11,Prototype
91,DisgustPrototype3,0.17647058823529413,Disgust,12,Prototype
92,DisgustPrototype3,0.14285714285714285,Disgust,13,Prototype
93,DisgustPrototype3,0.25,Disgust,14,Prototype
94,DisgustPrototype3,0.46153846153846156,Disgust,15,Prototype
95,DisgustPrototype3,0.18181818181818182,Disgust,16,Prototype
96,DisgustPrototype3,0.1,Disgust,17,Prototype
97,DisgustPrototype3,0.11764705882352941,Disgust,18,Prototype
98,DisgustPrototype3,0.07692307692307693,Disgust,19,Prototype
99,DisgustPrototype3,0.09090909090909091,Disgust,20,Prototype
100,DisgustPrototype3,0.17647058823529413,Disgust,21,Prototype
101,DisgustPrototype3,0.16666666666666666,Disgust,22,Prototype
102,DisgustPrototype3,0.17647058823529413,Disgust,23,Prototype
103,DisgustPrototype3,0.08333333333333333,Disgust,24,Prototype
104,DisgustPrototype3,0.25,Disgust,25,Prototype
105,DisgustPrototype3,0.23529411764705882,Disgust,26,Prototype
106,DisgustPrototype3,0.08333333333333333,Disgust,27,Prototype
107,DisgustPrototype3,0.20588235294117646,Disgust,28,Prototype
108,DisgustPrototype3,0.18518518518518517,Disgust,29,Prototype
109,DisgustPrototype3,0.13636363636363635,Disgust,30,Prototype
110,DisgustPrototype3,0.13636363636363635,Disgust,31,Prototype
111,DisgustPrototype3,0.14285714285714285,Disgust,32,Prototype
112,DisgustPrototype3,0.1875,Disgust,33,Prototype
113,DisgustPrototype3,0.1,Disgust,34,Prototype
114,DisgustPrototype3,0.11764705882352941,Disgust,35,Prototype
115,DisgustPrototype3,0.25,Disgust,36,Prototype
116,DisgustPrototype3,0.1,Disgust,37,Prototype
117,DisgustPrototype3,0.18518518518518517,Disgust,38,Prototype
118,DisgustPrototype3,0.2857142857142857,Disgust,39,Prototype
119,DisgustPrototype3,0.3,Disgust,40,Prototype
120,DisgustPrototype4,0.5384615384615384,Disgust,1,Prototype
121,DisgustPrototype4,0.15,Disgust,2,Prototype
122,DisgustPrototype4,0.29411764705882354,Disgust,3,Prototype
123,DisgustPrototype4,0.15,Disgust,4,Prototype
124,DisgustPrototype4,0.3333333333333333,Disgust,5,Prototype
125,DisgustPrototype4,0.1875,Disgust,6,Prototype
126,DisgustPrototype4,0.16666666666666666,Disgust,7,Prototype
127,DisgustPrototype4,0.375,Disgust,8,Prototype
128,DisgustPrototype4,0.2631578947368421,Disgust,9,Prototype
129,DisgustPrototype4,0.1111111111111111,Disgust,10,Prototype
130,DisgustPrototype4,0.11764705882352941,Disgust,11,Prototype
131,DisgustPrototype4,0.21052631578947367,Disgust,12,Prototype
132,DisgustPrototype4,0.2222222222222222,Disgust,13,Prototype
133,DisgustPrototype4,0.2608695652173913,Disgust,14,Prototype
134,DisgustPrototype4,0.06666666666666667,Disgust,15,Prototype
135,DisgustPrototype4,0.23809523809523808,Disgust,16,Prototype
136,DisgustPrototype4,0.09090909090909091,Disgust,17,Prototype
137,DisgustPrototype4,0.16666666666666666,Disgust,18,Prototype
138,DisgustPrototype4,0.08333333333333333,Disgust,19,Prototype
139,DisgustPrototype4,0.09090909090909091,Disgust,20,Prototype
140,DisgustPrototype4,0.16,Disgust,21,Prototype
141,DisgustPrototype4,0.1111111111111111,Disgust,22,Prototype
142,DisgustPrototype4,0.19047619047619047,Disgust,23,Prototype
143,DisgustPrototype4,0.1,Disgust,24,Prototype
144,DisgustPrototype4,0.125,Disgust,25,Prototype
145,DisgustPrototype4,0.23076923076923078,Disgust,26,Prototype
146,DisgustPrototype4,0.21428571428571427,Disgust,27,Prototype
147,DisgustPrototype4,0.20833333333333334,Disgust,28,Prototype
148,DisgustPrototype4,0.2,Disgust,29,Prototype
149,DisgustPrototype4,0.19047619047619047,Disgust,30,Prototype
150,DisgustPrototype4,0.19230769230769232,Disgust,31,Prototype
151,DisgustPrototype4,0.13636363636363635,Disgust,32,Prototype
152,DisgustPrototype4,0.16666666666666666,Disgust,33,Prototype
153,DisgustPrototype4,0.09090909090909091,Disgust,34,Prototype
154,DisgustPrototype4,0.16666666666666666,Disgust,35,Prototype
155,DisgustPrototype4,0.25,Disgust,36,Prototype
156,DisgustPrototype4,0.08333333333333333,Disgust,37,Prototype
157,DisgustPrototype4,0.18518518518518517,Disgust,38,Prototype
158,DisgustPrototype4,0.1111111111111111,Disgust,39,Prototype
159,DisgustPrototype4,0.26666666666666666,Disgust,40,Prototype
160,DisgustBO1,0.08333333333333333,Disgust,1,BO
161,DisgustBO1,0.17647058823529413,Disgust,2,BO
162,DisgustBO1,0.125,Disgust,3,BO
163,DisgustBO1,0.2222222222222222,Disgust,4,BO
164,DisgustBO1,0.3888888888888889,Disgust,5,BO
165,DisgustBO1,0.15,Disgust,6,BO
166,DisgustBO1,0.18181818181818182,Disgust,7,BO
167,DisgustBO1,0.125,Disgust,8,BO
168,DisgustBO1,0.25,Disgust,9,BO
169,DisgustBO1,0.1111111111111111,Disgust,10,BO
170,DisgustBO1,0.1875,Disgust,11,BO
171,DisgustBO1,0.21052631578947367,Disgust,12,BO
172,DisgustBO1,0.1111111111111111,Disgust,13,BO
173,DisgustBO1,0.25,Disgust,14,BO
174,DisgustBO1,0.5833333333333334,Disgust,15,BO
175,DisgustBO1,0.25,Disgust,16,BO
176,DisgustBO1,0.06666666666666667,Disgust,17,BO
177,DisgustBO1,0.14285714285714285,Disgust,18,BO
178,DisgustBO1,0.17647058823529413,Disgust,19,BO
179,DisgustBO1,0.09090909090909091,Disgust,20,BO
180,DisgustBO1,0.21739130434782608,Disgust,21,BO
181,DisgustBO1,0.14285714285714285,Disgust,22,BO
182,DisgustBO1,0.15,Disgust,23,BO
183,DisgustBO1,0.15,Disgust,24,BO
184,DisgustBO1,0.1111111111111111,Disgust,25,BO
185,DisgustBO1,0.2222222222222222,Disgust,26,BO
186,DisgustBO1,0.5454545454545454,Disgust,27,BO
187,DisgustBO1,0.2727272727272727,Disgust,28,BO
188,DisgustBO1,0.2,Disgust,29,BO
189,DisgustBO1,0.15789473684210525,Disgust,30,BO
190,DisgustBO1,0.2,Disgust,31,BO
191,DisgustBO1,0.21739130434782608,Disgust,32,BO
192,DisgustBO1,0.25,Disgust,33,BO
193,DisgustBO1,0.29411764705882354,Disgust,34,BO
194,DisgustBO1,0.21739130434782608,Disgust,35,BO
195,DisgustBO1,0.21875,Disgust,36,BO
196,DisgustBO1,0.36363636363636365,Disgust,37,BO
197,DisgustBO1,0.22727272727272727,Disgust,38,BO
198,DisgustBO1,0.29411764705882354,Disgust,39,BO
199,DisgustBO1,0.3888888888888889,Disgust,40,BO
200,DisgustBO2,0.08333333333333333,Disgust,1,BO
201,DisgustBO2,0.2,Disgust,2,BO
202,DisgustBO2,0.058823529411764705,Disgust,3,BO
203,DisgustBO2,0.14285714285714285,Disgust,4,BO
204,DisgustBO2,0.1875,Disgust,5,BO
205,DisgustBO2,0.15,Disgust,6,BO
206,DisgustBO2,0.21739130434782608,Disgust,7,BO
207,DisgustBO2,0.23809523809523808,Disgust,8,BO
208,DisgustBO2,0.13636363636363635,Disgust,9,BO
209,DisgustBO2,0.08333333333333333,Disgust,10,BO
210,DisgustBO2,0.13333333333333333,Disgust,11,BO
211,DisgustBO2,0.14285714285714285,Disgust,12,BO
212,DisgustBO2,0.09090909090909091,Disgust,13,BO
213,DisgustBO2,0.23809523809523808,Disgust,14,BO
214,DisgustBO2,0.23529411764705882,Disgust,15,BO
215,DisgustBO2,0.25,Disgust,16,BO
216,DisgustBO2,0.07692307692307693,Disgust,17,BO
217,DisgustBO2,0.15789473684210525,Disgust,18,BO
218,DisgustBO2,0.1,Disgust,19,BO
219,DisgustBO2,0.5,Disgust,20,BO
220,DisgustBO2,0.1875,Disgust,21,BO
221,DisgustBO2,0.1111111111111111,Disgust,22,BO
222,DisgustBO2,0.1111111111111111,Disgust,23,BO
223,DisgustBO2,0.15789473684210525,Disgust,24,BO
224,DisgustBO2,0.09090909090909091,Disgust,25,BO
225,DisgustBO2,0.058823529411764705,Disgust,26,BO
226,DisgustBO2,0.375,Disgust,27,BO
227,DisgustBO2,0.25925925925925924,Disgust,28,BO
228,DisgustBO2,0.2,Disgust,29,BO
229,DisgustBO2,0.22727272727272727,Disgust,30,BO
230,DisgustBO2,0.21739130434782608,Disgust,31,BO
231,DisgustBO2,0.13636363636363635,Disgust,32,BO
232,DisgustBO2,0.08333333333333333,Disgust,33,BO
233,DisgustBO2,0.09090909090909091,Disgust,34,BO
234,DisgustBO2,0.15789473684210525,Disgust,35,BO
235,DisgustBO2,0.19230769230769232,Disgust,36,BO
236,DisgustBO2,0.23076923076923078,Disgust,37,BO
237,DisgustBO2,0.21739130434782608,Disgust,38,BO
238,DisgustBO2,0.3125,Disgust,39,BO
239,DisgustBO2,0.26666666666666666,Disgust,40,BO
240,DisgustBO3,0.17647058823529413,Disgust,1,BO
241,DisgustBO3,0.15789473684210525,Disgust,2,BO
242,DisgustBO3,0.15,Disgust,3,BO
243,DisgustBO3,0.13043478260869565,Disgust,4,BO
244,DisgustBO3,0.35714285714285715,Disgust,5,BO
245,DisgustBO3,0.16666666666666666,Disgust,6,BO
246,DisgustBO3,0.21052631578947367,Disgust,7,BO
247,DisgustBO3,0.42857142857142855,Disgust,8,BO
248,DisgustBO3,0.11764705882352941,Disgust,9,BO
249,DisgustBO3,0.1111111111111111,Disgust,10,BO
250,DisgustBO3,0.13333333333333333,Disgust,11,BO
251,DisgustBO3,0.07692307692307693,Disgust,12,BO
252,DisgustBO3,0.125,Disgust,13,BO
253,DisgustBO3,0.06666666666666667,Disgust,14,BO
254,DisgustBO3,0.42857142857142855,Disgust,15,BO
255,DisgustBO3,0.21052631578947367,Disgust,16,BO
256,DisgustBO3,0.1875,Disgust,17,BO
257,DisgustBO3,0.15789473684210525,Disgust,18,BO
258,DisgustBO3,0.07142857142857142,Disgust,19,BO
259,DisgustBO3,0.35714285714285715,Disgust,20,BO
260,DisgustBO3,0.13333333333333333,Disgust,21,BO
261,DisgustBO3,0.21052631578947367,Disgust,22,BO
262,DisgustBO3,0.2,Disgust,23,BO
263,DisgustBO3,0.2631578947368421,Disgust,24,BO
264,DisgustBO3,0.1111111111111111,Disgust,25,BO
265,DisgustBO3,0.15789473684210525,Disgust,26,BO
266,DisgustBO3,0.5454545454545454,Disgust,27,BO
267,DisgustBO3,0.07142857142857142,Disgust,28,BO
268,DisgustBO3,0.21428571428571427,Disgust,29,BO
269,DisgustBO3,0.19047619047619047,Disgust,30,BO
270,DisgustBO3,0.20833333333333334,Disgust,31,BO
271,DisgustBO3,0.28,Disgust,32,BO
272,DisgustBO3,0.16666666666666666,Disgust,33,BO
273,DisgustBO3,0.375,Disgust,34,BO
274,DisgustBO3,0.2,Disgust,35,BO
275,DisgustBO3,0.08333333333333333,Disgust,36,BO
276,DisgustBO3,0.25,Disgust,37,BO
277,DisgustBO3,0.19047619047619047,Disgust,38,BO
278,DisgustBO3,0.14285714285714285,Disgust,39,BO
279,DisgustBO3,0.3888888888888889,Disgust,40,BO
280,DisgustBO4,0.4375,Disgust,1,BO
281,DisgustBO4,0.2857142857142857,Disgust,2,BO
282,DisgustBO4,0.18181818181818182,Disgust,3,BO
283,DisgustBO4,0.18518518518518517,Disgust,4,BO
284,DisgustBO4,0.2777777777777778,Disgust,5,BO
285,DisgustBO4,0.2,Disgust,6,BO
286,DisgustBO4,0.20833333333333334,Disgust,7,BO
287,DisgustBO4,0.13333333333333333,Disgust,8,BO
288,DisgustBO4,0.2608695652173913,Disgust,9,BO
289,DisgustBO4,0.35714285714285715,Disgust,10,BO
290,DisgustBO4,0.1111111111111111,Disgust,11,BO
291,DisgustBO4,0.3157894736842105,Disgust,12,BO
292,DisgustBO4,0.2857142857142857,Disgust,13,BO
293,DisgustBO4,0.2727272727272727,Disgust,14,BO
294,DisgustBO4,0.4117647058823529,Disgust,15,BO
295,DisgustBO4,0.24,Disgust,16,BO
296,DisgustBO4,0.07692307692307693,Disgust,17,BO
297,DisgustBO4,0.21739130434782608,Disgust,18,BO
298,DisgustBO4,0.4375,Disgust,19,BO
299,DisgustBO4,0.2631578947368421,Disgust,20,BO
300,DisgustBO4,0.2777777777777778,Disgust,21,BO
301,DisgustBO4,0.15,Disgust,22,BO
302,DisgustBO4,0.20833333333333334,Disgust,23,BO
303,DisgustBO4,0.23809523809523808,Disgust,24,BO
304,DisgustBO4,0.3333333333333333,Disgust,25,BO
305,DisgustBO4,0.15789473684210525,Disgust,26,BO
306,DisgustBO4,0.375,Disgust,27,BO
307,DisgustBO4,0.25925925925925924,Disgust,28,BO
308,DisgustBO4,0.18518518518518517,Disgust,29,BO
309,DisgustBO4,0.19047619047619047,Disgust,30,BO
310,DisgustBO4,0.21739130434782608,Disgust,31,BO
311,DisgustBO4,0.3,Disgust,32,BO
312,DisgustBO4,0.25,Disgust,33,BO
313,DisgustBO4,0.3333333333333333,Disgust,34,BO
314,DisgustBO4,0.16666666666666666,Disgust,35,BO
315,DisgustBO4,0.25925925925925924,Disgust,36,BO
316,DisgustBO4,0.38461538461538464,Disgust,37,BO
317,DisgustBO4,0.19230769230769232,Disgust,38,BO
318,DisgustBO4,0.2777777777777778,Disgust,39,BO
319,DisgustBO4,0.3181818181818182,Disgust,40,BO
0,FearPrototype1,0.1875,Fear,1,Prototype
1,FearPrototype1,0.23809523809523808,Fear,2,Prototype
2,FearPrototype1,0.21052631578947367,Fear,3,Prototype
3,FearPrototype1,0.16,Fear,4,Prototype
4,FearPrototype1,0.1875,Fear,5,Prototype
5,FearPrototype1,0.18181818181818182,Fear,6,Prototype
6,FearPrototype1,0.17647058823529413,Fear,7,Prototype
7,FearPrototype1,0.20833333333333334,Fear,8,Prototype
8,FearPrototype1,0.1,Fear,9,Prototype
9,FearPrototype1,0.1,Fear,10,Prototype
10,FearPrototype1,0.21428571428571427,Fear,11,Prototype
11,FearPrototype1,0.08333333333333333,Fear,12,Prototype
12,FearPrototype1,0.14285714285714285,Fear,13,Prototype
13,FearPrototype1,0.1,Fear,14,Prototype
14,FearPrototype1,0.18181818181818182,Fear,15,Prototype
15,FearPrototype1,0.21052631578947367,Fear,16,Prototype
16,FearPrototype1,0.2727272727272727,Fear,17,Prototype
17,FearPrototype1,0.2,Fear,18,Prototype
18,FearPrototype1,0.125,Fear,19,Prototype
19,FearPrototype1,0.29411764705882354,Fear,20,Prototype
20,FearPrototype1,0.18181818181818182,Fear,21,Prototype
21,FearPrototype1,0.18181818181818182,Fear,22,Prototype
22,FearPrototype1,0.19047619047619047,Fear,23,Prototype
23,FearPrototype1,0.15384615384615385,Fear,24,Prototype
24,FearPrototype1,0.14285714285714285,Fear,25,Prototype
25,FearPrototype1,0.17647058823529413,Fear,26,Prototype
26,FearPrototype1,0.14285714285714285,Fear,27,Prototype
27,FearPrototype1,0.23529411764705882,Fear,28,Prototype
28,FearPrototype1,0.18518518518518517,Fear,29,Prototype
29,FearPrototype1,0.15384615384615385,Fear,30,Prototype
30,FearPrototype1,0.23809523809523808,Fear,31,Prototype
31,FearPrototype1,0.125,Fear,32,Prototype
32,FearPrototype1,0.1111111111111111,Fear,33,Prototype
33,FearPrototype1,0.26666666666666666,Fear,34,Prototype
34,FearPrototype1,0.125,Fear,35,Prototype
35,FearPrototype1,0.15789473684210525,Fear,36,Prototype
36,FearPrototype1,0.18181818181818182,Fear,37,Prototype
37,FearPrototype1,0.1875,Fear,38,Prototype
38,FearPrototype1,0.16666666666666666,Fear,39,Prototype
39,FearPrototype1,0.09090909090909091,Fear,40,Prototype
40,FearPrototype2,0.2222222222222222,Fear,1,Prototype
41,FearPrototype2,0.23809523809523808,Fear,2,Prototype
42,FearPrototype2,0.21052631578947367,Fear,3,Prototype
43,FearPrototype2,0.13636363636363635,Fear,4,Prototype
44,FearPrototype2,0.0625,Fear,5,Prototype
45,FearPrototype2,0.14285714285714285,Fear,6,Prototype
46,FearPrototype2,0.21052631578947367,Fear,7,Prototype
47,FearPrototype2,0.21052631578947367,Fear,8,Prototype
48,FearPrototype2,0.1111111111111111,Fear,9,Prototype
49,FearPrototype2,0.1,Fear,10,Prototype
50,FearPrototype2,0.15384615384615385,Fear,11,Prototype
51,FearPrototype2,0.07692307692307693,Fear,12,Prototype
52,FearPrototype2,0.14285714285714285,Fear,13,Prototype
53,FearPrototype2,0.22727272727272727,Fear,14,Prototype
54,FearPrototype2,0.1,Fear,15,Prototype
55,FearPrototype2,0.21052631578947367,Fear,16,Prototype
56,FearPrototype2,0.1,Fear,17,Prototype
57,FearPrototype2,0.15,Fear,18,Prototype
58,FearPrototype2,0.2,Fear,19,Prototype
59,FearPrototype2,0.2777777777777778,Fear,20,Prototype
60,FearPrototype2,0.18181818181818182,Fear,21,Prototype
61,FearPrototype2,0.1875,Fear,22,Prototype
62,FearPrototype2,0.15,Fear,23,Prototype
63,FearPrototype2,0.15384615384615385,Fear,24,Prototype
64,FearPrototype2,0.14285714285714285,Fear,25,Prototype
65,FearPrototype2,0.15789473684210525,Fear,26,Prototype
66,FearPrototype2,0.14285714285714285,Fear,27,Prototype
67,FearPrototype2,0.09523809523809523,Fear,28,Prototype
68,FearPrototype2,0.19230769230769232,Fear,29,Prototype
69,FearPrototype2,0.15384615384615385,Fear,30,Prototype
70,FearPrototype2,0.18181818181818182,Fear,31,Prototype
71,FearPrototype2,0.19230769230769232,Fear,32,Prototype
72,FearPrototype2,0.1111111111111111,Fear,33,Prototype
73,FearPrototype2,0.07692307692307693,Fear,34,Prototype
74,FearPrototype2,0.16666666666666666,Fear,35,Prototype
75,FearPrototype2,0.23809523809523808,Fear,36,Prototype
76,FearPrototype2,0.3333333333333333,Fear,37,Prototype
77,FearPrototype2,0.06666666666666667,Fear,38,Prototype
78,FearPrototype2,0.14285714285714285,Fear,39,Prototype
79,FearPrototype2,0.1111111111111111,Fear,40,Prototype
80,FearPrototype3,0.21739130434782608,Fear,1,Prototype
81,FearPrototype3,0.23076923076923078,Fear,2,Prototype
82,FearPrototype3,0.1111111111111111,Fear,3,Prototype
83,FearPrototype3,0.16666666666666666,Fear,4,Prototype
84,FearPrototype3,0.14285714285714285,Fear,5,Prototype
85,FearPrototype3,0.09523809523809523,Fear,6,Prototype
86,FearPrototype3,0.14285714285714285,Fear,7,Prototype
87,FearPrototype3,0.11764705882352941,Fear,8,Prototype
88,FearPrototype3,0.21052631578947367,Fear,9,Prototype
89,FearPrototype3,0.1,Fear,10,Prototype
90,FearPrototype3,0.13636363636363635,Fear,11,Prototype
91,FearPrototype3,0.10526315789473684,Fear,12,Prototype
92,FearPrototype3,0.125,Fear,13,Prototype
93,FearPrototype3,0.125,Fear,14,Prototype
94,FearPrototype3,0.08333333333333333,Fear,15,Prototype
95,FearPrototype3,0.2,Fear,16,Prototype
96,FearPrototype3,0.09090909090909091,Fear,17,Prototype
97,FearPrototype3,0.16666666666666666,Fear,18,Prototype
98,FearPrototype3,0.14285714285714285,Fear,19,Prototype
99,FearPrototype3,0.10526315789473684,Fear,20,Prototype
100,FearPrototype3,0.1111111111111111,Fear,21,Prototype
101,FearPrototype3,0.14285714285714285,Fear,22,Prototype
102,FearPrototype3,0.15789473684210525,Fear,23,Prototype
103,FearPrototype3,0.17391304347826086,Fear,24,Prototype
104,FearPrototype3,0.125,Fear,25,Prototype
105,FearPrototype3,0.06666666666666667,Fear,26,Prototype
106,FearPrototype3,0.1,Fear,27,Prototype
107,FearPrototype3,0.20833333333333334,Fear,28,Prototype
108,FearPrototype3,0.15384615384615385,Fear,29,Prototype
109,FearPrototype3,0.17391304347826086,Fear,30,Prototype
110,FearPrototype3,0.16666666666666666,Fear,31,Prototype
111,FearPrototype3,0.19047619047619047,Fear,32,Prototype
112,FearPrototype3,0.14285714285714285,Fear,33,Prototype
113,FearPrototype3,0.10526315789473684,Fear,34,Prototype
114,FearPrototype3,0.19047619047619047,Fear,35,Prototype
115,FearPrototype3,0.2222222222222222,Fear,36,Prototype
116,FearPrototype3,0.14285714285714285,Fear,37,Prototype
117,FearPrototype3,0.125,Fear,38,Prototype
118,FearPrototype3,0.125,Fear,39,Prototype
119,FearPrototype3,0.047619047619047616,Fear,40,Prototype
120,FearPrototype4,0.20689655172413793,Fear,1,Prototype
121,FearPrototype4,0.2916666666666667,Fear,2,Prototype
122,FearPrototype4,0.10526315789473684,Fear,3,Prototype
123,FearPrototype4,0.14285714285714285,Fear,4,Prototype
124,FearPrototype4,0.05555555555555555,Fear,5,Prototype
125,FearPrototype4,0.17391304347826086,Fear,6,Prototype
126,FearPrototype4,0.17391304347826086,Fear,7,Prototype
127,FearPrototype4,0.2,Fear,8,Prototype
128,FearPrototype4,0.15,Fear,9,Prototype
129,FearPrototype4,0.1,Fear,10,Prototype
130,FearPrototype4,0.2631578947368421,Fear,11,Prototype
131,FearPrototype4,0.13636363636363635,Fear,12,Prototype
132,FearPrototype4,0.1111111111111111,Fear,13,Prototype
133,FearPrototype4,0.09523809523809523,Fear,14,Prototype
134,FearPrototype4,0.08333333333333333,Fear,15,Prototype
135,FearPrototype4,0.23809523809523808,Fear,16,Prototype
136,FearPrototype4,0.2,Fear,17,Prototype
137,FearPrototype4,0.18181818181818182,Fear,18,Prototype
138,FearPrototype4,0.06666666666666667,Fear,19,Prototype
139,FearPrototype4,0.0625,Fear,20,Prototype
140,FearPrototype4,0.13793103448275862,Fear,21,Prototype
141,FearPrototype4,0.15,Fear,22,Prototype
142,FearPrototype4,0.14285714285714285,Fear,23,Prototype
143,FearPrototype4,0.17391304347826086,Fear,24,Prototype
144,FearPrototype4,0.1111111111111111,Fear,25,Prototype
145,FearPrototype4,0.1875,Fear,26,Prototype
146,FearPrototype4,0.05555555555555555,Fear,27,Prototype
147,FearPrototype4,0.18518518518518517,Fear,28,Prototype
148,FearPrototype4,0.14814814814814814,Fear,29,Prototype
149,FearPrototype4,0.14285714285714285,Fear,30,Prototype
150,FearPrototype4,0.17857142857142858,Fear,31,Prototype
151,FearPrototype4,0.2,Fear,32,Prototype
152,FearPrototype4,0.13333333333333333,Fear,33,Prototype
153,FearPrototype4,0.09523809523809523,Fear,34,Prototype
154,FearPrototype4,0.14285714285714285,Fear,35,Prototype
155,FearPrototype4,0.15384615384615385,Fear,36,Prototype
156,FearPrototype4,0.14285714285714285,Fear,37,Prototype
157,FearPrototype4,0.19230769230769232,Fear,38,Prototype
158,FearPrototype4,0.14285714285714285,Fear,39,Prototype
159,FearPrototype4,0.05263157894736842,Fear,40,Prototype
160,FearBO1,0.1875,Fear,1,BO
161,FearBO1,0.125,Fear,2,BO
162,FearBO1,0.21739130434782608,Fear,3,BO
163,FearBO1,0.125,Fear,4,BO
164,FearBO1,0.17647058823529413,Fear,5,BO
165,FearBO1,0.21739130434782608,Fear,6,BO
166,FearBO1,0.16666666666666666,Fear,7,BO
167,FearBO1,0.0625,Fear,8,BO
168,FearBO1,0.18181818181818182,Fear,9,BO
169,FearBO1,0.08333333333333333,Fear,10,BO
170,FearBO1,0.125,Fear,11,BO
171,FearBO1,0.1875,Fear,12,BO
172,FearBO1,0.125,Fear,13,BO
173,FearBO1,0.2608695652173913,Fear,14,BO
174,FearBO1,0.3333333333333333,Fear,15,BO
175,FearBO1,0.2857142857142857,Fear,16,BO
176,FearBO1,0.25,Fear,17,BO
177,FearBO1,0.19047619047619047,Fear,18,BO
178,FearBO1,0.1875,Fear,19,BO
179,FearBO1,0.07142857142857142,Fear,20,BO
180,FearBO1,0.21739130434782608,Fear,21,BO
181,FearBO1,0.18181818181818182,Fear,22,BO
182,FearBO1,0.20833333333333334,Fear,23,BO
183,FearBO1,0.15789473684210525,Fear,24,BO
184,FearBO1,0.125,Fear,25,BO
185,FearBO1,0.13636363636363635,Fear,26,BO
186,FearBO1,0.1,Fear,27,BO
187,FearBO1,0.17857142857142858,Fear,28,BO
188,FearBO1,0.19230769230769232,Fear,29,BO
189,FearBO1,0.16,Fear,30,BO
190,FearBO1,0.22727272727272727,Fear,31,BO
191,FearBO1,0.25,Fear,32,BO
192,FearBO1,0.18181818181818182,Fear,33,BO
193,FearBO1,0.05,Fear,34,BO
194,FearBO1,0.09090909090909091,Fear,35,BO
195,FearBO1,0.16666666666666666,Fear,36,BO
196,FearBO1,0.15789473684210525,Fear,37,BO
197,FearBO1,0.18181818181818182,Fear,38,BO
198,FearBO1,0.08333333333333333,Fear,39,BO
199,FearBO1,0.05,Fear,40,BO
200,FearBO2,0.25,Fear,1,BO
201,FearBO2,0.15789473684210525,Fear,2,BO
202,FearBO2,0.09090909090909091,Fear,3,BO
203,FearBO2,0.14285714285714285,Fear,4,BO
204,FearBO2,0.15789473684210525,Fear,5,BO
205,FearBO2,0.20833333333333334,Fear,6,BO
206,FearBO2,0.13636363636363635,Fear,7,BO
207,FearBO2,0.23529411764705882,Fear,8,BO
208,FearBO2,0.16,Fear,9,BO
209,FearBO2,0.23076923076923078,Fear,10,BO
210,FearBO2,0.15789473684210525,Fear,11,BO
211,FearBO2,0.0625,Fear,12,BO
212,FearBO2,0.125,Fear,13,BO
213,FearBO2,0.16666666666666666,Fear,14,BO
214,FearBO2,0.14285714285714285,Fear,15,BO
215,FearBO2,0.16666666666666666,Fear,16,BO
216,FearBO2,0.18181818181818182,Fear,17,BO
217,FearBO2,0.20833333333333334,Fear,18,BO
218,FearBO2,0.2,Fear,19,BO
219,FearBO2,0.0625,Fear,20,BO
220,FearBO2,0.19230769230769232,Fear,21,BO
221,FearBO2,0.17391304347826086,Fear,22,BO
222,FearBO2,0.19230769230769232,Fear,23,BO
223,FearBO2,0.19047619047619047,Fear,24,BO
224,FearBO2,0.125,Fear,25,BO
225,FearBO2,0.17647058823529413,Fear,26,BO
226,FearBO2,0.15789473684210525,Fear,27,BO
227,FearBO2,0.16,Fear,28,BO
228,FearBO2,0.18518518518518517,Fear,29,BO
229,FearBO2,0.18181818181818182,Fear,30,BO
230,FearBO2,0.21739130434782608,Fear,31,BO
231,FearBO2,0.16666666666666666,Fear,32,BO
232,FearBO2,0.1,Fear,33,BO
233,FearBO2,0.2727272727272727,Fear,34,BO
234,FearBO2,0.17857142857142858,Fear,35,BO
235,FearBO2,0.19230769230769232,Fear,36,BO
236,FearBO2,0.13333333333333333,Fear,37,BO
237,FearBO2,0.20833333333333334,Fear,38,BO
238,FearBO2,0.10526315789473684,Fear,39,BO
239,FearBO2,0.043478260869565216,Fear,40,BO
240,FearBO3,0.08333333333333333,Fear,1,BO
241,FearBO3,0.17391304347826086,Fear,2,BO
242,FearBO3,0.19047619047619047,Fear,3,BO
243,FearBO3,0.19230769230769232,Fear,4,BO
244,FearBO3,0.11764705882352941,Fear,5,BO
245,FearBO3,0.2,Fear,6,BO
246,FearBO3,0.19047619047619047,Fear,7,BO
247,FearBO3,0.07692307692307693,Fear,8,BO
248,FearBO3,0.19047619047619047,Fear,9,BO
249,FearBO3,0.25,Fear,10,BO
250,FearBO3,0.17647058823529413,Fear,11,BO
251,FearBO3,0.13333333333333333,Fear,12,BO
252,FearBO3,0.1,Fear,13,BO
253,FearBO3,0.2631578947368421,Fear,14,BO
254,FearBO3,0.5,Fear,15,BO
255,FearBO3,0.25,Fear,16,BO
256,FearBO3,0.21428571428571427,Fear,17,BO
257,FearBO3,0.19047619047619047,Fear,18,BO
258,FearBO3,0.16666666666666666,Fear,19,BO
259,FearBO3,0.1875,Fear,20,BO
260,FearBO3,0.0625,Fear,21,BO
261,FearBO3,0.19047619047619047,Fear,22,BO
262,FearBO3,0.14285714285714285,Fear,23,BO
263,FearBO3,0.15789473684210525,Fear,24,BO
264,FearBO3,0.1,Fear,25,BO
265,FearBO3,0.05263157894736842,Fear,26,BO
266,FearBO3,0.16,Fear,27,BO
267,FearBO3,0.2916666666666667,Fear,28,BO
268,FearBO3,0.21428571428571427,Fear,29,BO
269,FearBO3,0.15,Fear,30,BO
270,FearBO3,0.25,Fear,31,BO
271,FearBO3,0.19047619047619047,Fear,32,BO
272,FearBO3,0.08333333333333333,Fear,33,BO
273,FearBO3,0.13333333333333333,Fear,34,BO
274,FearBO3,0.09523809523809523,Fear,35,BO
275,FearBO3,0.06666666666666667,Fear,36,BO
276,FearBO3,0.07142857142857142,Fear,37,BO
277,FearBO3,0.2222222222222222,Fear,38,BO
278,FearBO3,0.08333333333333333,Fear,39,BO
279,FearBO3,0.05555555555555555,Fear,40,BO
280,FearBO4,0.08333333333333333,Fear,1,BO
281,FearBO4,0.14285714285714285,Fear,2,BO
282,FearBO4,0.16666666666666666,Fear,3,BO
283,FearBO4,0.16666666666666666,Fear,4,BO
284,FearBO4,0.15789473684210525,Fear,5,BO
285,FearBO4,0.2,Fear,6,BO
286,FearBO4,0.19047619047619047,Fear,7,BO
287,FearBO4,0.07142857142857142,Fear,8,BO
288,FearBO4,0.16666666666666666,Fear,9,BO
289,FearBO4,0.2,Fear,10,BO
290,FearBO4,0.1875,Fear,11,BO
291,FearBO4,0.07692307692307693,Fear,12,BO
292,FearBO4,0.1,Fear,13,BO
293,FearBO4,0.16666666666666666,Fear,14,BO
294,FearBO4,0.08333333333333333,Fear,15,BO
295,FearBO4,0.19230769230769232,Fear,16,BO
296,FearBO4,0.09090909090909091,Fear,17,BO
297,FearBO4,0.18181818181818182,Fear,18,BO
298,FearBO4,0.23529411764705882,Fear,19,BO
299,FearBO4,0.11764705882352941,Fear,20,BO
300,FearBO4,0.2222222222222222,Fear,21,BO
301,FearBO4,0.20833333333333334,Fear,22,BO
302,FearBO4,0.18181818181818182,Fear,23,BO
303,FearBO4,0.125,Fear,24,BO
304,FearBO4,0.1111111111111111,Fear,25,BO
305,FearBO4,0.15789473684210525,Fear,26,BO
306,FearBO4,0.08333333333333333,Fear,27,BO
307,FearBO4,0.18518518518518517,Fear,28,BO
308,FearBO4,0.2,Fear,29,BO
309,FearBO4,0.17391304347826086,Fear,30,BO
310,FearBO4,0.23809523809523808,Fear,31,BO
311,FearBO4,0.20833333333333334,Fear,32,BO
312,FearBO4,0.15384615384615385,Fear,33,BO
313,FearBO4,0.0625,Fear,34,BO
314,FearBO4,0.16,Fear,35,BO
315,FearBO4,0.23333333333333334,Fear,36,BO
316,FearBO4,0.05555555555555555,Fear,37,BO
317,FearBO4,0.16666666666666666,Fear,38,BO
318,FearBO4,0.23529411764705882,Fear,39,BO
319,FearBO4,0.05555555555555555,Fear,40,BO
0,HappinessPrototype1,0.5833333333333334,Happiness,1,Prototype
1,HappinessPrototype1,0.23076923076923078,Happiness,2,Prototype
2,HappinessPrototype1,0.5,Happiness,3,Prototype
3,HappinessPrototype1,0.2777777777777778,Happiness,4,Prototype
4,HappinessPrototype1,0.38461538461538464,Happiness,5,Prototype
5,HappinessPrototype1,0.09090909090909091,Happiness,6,Prototype
6,HappinessPrototype1,0.15,Happiness,7,Prototype
7,HappinessPrototype1,0.16666666666666666,Happiness,8,Prototype
8,HappinessPrototype1,0.3333333333333333,Happiness,9,Prototype
9,HappinessPrototype1,0.5,Happiness,10,Prototype
10,HappinessPrototype1,0.26666666666666666,Happiness,11,Prototype
11,HappinessPrototype1,0.25,Happiness,12,Prototype
12,HappinessPrototype1,0.375,Happiness,13,Prototype
13,HappinessPrototype1,0.3333333333333333,Happiness,14,Prototype
14,HappinessPrototype1,0.5833333333333334,Happiness,15,Prototype
15,HappinessPrototype1,0.09090909090909091,Happiness,16,Prototype
16,HappinessPrototype1,0.4444444444444444,Happiness,17,Prototype
17,HappinessPrototype1,0.09523809523809523,Happiness,18,Prototype
18,HappinessPrototype1,0.5833333333333334,Happiness,19,Prototype
19,HappinessPrototype1,0.3076923076923077,Happiness,20,Prototype
20,HappinessPrototype1,0.42857142857142855,Happiness,21,Prototype
21,HappinessPrototype1,0.14285714285714285,Happiness,22,Prototype
22,HappinessPrototype1,0.09090909090909091,Happiness,23,Prototype
23,HappinessPrototype1,0.5384615384615384,Happiness,24,Prototype
24,HappinessPrototype1,0.2857142857142857,Happiness,25,Prototype
25,HappinessPrototype1,0.4444444444444444,Happiness,26,Prototype
26,HappinessPrototype1,0.1,Happiness,27,Prototype
27,HappinessPrototype1,0.04,Happiness,28,Prototype
28,HappinessPrototype1,0.2,Happiness,29,Prototype
29,HappinessPrototype1,0.25,Happiness,30,Prototype
30,HappinessPrototype1,0.2,Happiness,31,Prototype
31,HappinessPrototype1,0.2857142857142857,Happiness,32,Prototype
32,HappinessPrototype1,0.5454545454545454,Happiness,33,Prototype
33,HappinessPrototype1,0.05555555555555555,Happiness,34,Prototype
34,HappinessPrototype1,0.09523809523809523,Happiness,35,Prototype
35,HappinessPrototype1,0.5833333333333334,Happiness,36,Prototype
36,HappinessPrototype1,0.5,Happiness,37,Prototype
37,HappinessPrototype1,0.19047619047619047,Happiness,38,Prototype
38,HappinessPrototype1,0.375,Happiness,39,Prototype
39,HappinessPrototype1,0.1,Happiness,40,Prototype
40,HappinessPrototype2,0.5833333333333334,Happiness,1,Prototype
41,HappinessPrototype2,0.25,Happiness,2,Prototype
42,HappinessPrototype2,0.45454545454545453,Happiness,3,Prototype
43,HappinessPrototype2,0.2631578947368421,Happiness,4,Prototype
44,HappinessPrototype2,0.35714285714285715,Happiness,5,Prototype
45,HappinessPrototype2,0.17647058823529413,Happiness,6,Prototype
46,HappinessPrototype2,0.17391304347826086,Happiness,7,Prototype
47,HappinessPrototype2,0.125,Happiness,8,Prototype
48,HappinessPrototype2,0.3684210526315789,Happiness,9,Prototype
49,HappinessPrototype2,0.5,Happiness,10,Prototype
50,HappinessPrototype2,0.3333333333333333,Happiness,11,Prototype
51,HappinessPrototype2,0.3,Happiness,12,Prototype
52,HappinessPrototype2,0.375,Happiness,13,Prototype
53,HappinessPrototype2,0.3333333333333333,Happiness,14,Prototype
54,HappinessPrototype2,0.5833333333333334,Happiness,15,Prototype
55,HappinessPrototype2,0.1,Happiness,16,Prototype
56,HappinessPrototype2,0.4444444444444444,Happiness,17,Prototype
57,HappinessPrototype2,0.16666666666666666,Happiness,18,Prototype
58,HappinessPrototype2,0.5,Happiness,19,Prototype
59,HappinessPrototype2,0.125,Happiness,20,Prototype
60,HappinessPrototype2,0.2857142857142857,Happiness,21,Prototype
61,HappinessPrototype2,0.1111111111111111,Happiness,22,Prototype
62,HappinessPrototype2,0.043478260869565216,Happiness,23,Prototype
63,HappinessPrototype2,0.4,Happiness,24,Prototype
64,HappinessPrototype2,0.2857142857142857,Happiness,25,Prototype
65,HappinessPrototype2,0.5,Happiness,26,Prototype
66,HappinessPrototype2,0.5,Happiness,27,Prototype
67,HappinessPrototype2,0.038461538461538464,Happiness,28,Prototype
68,HappinessPrototype2,0.14814814814814814,Happiness,29,Prototype
69,HappinessPrototype2,0.26666666666666666,Happiness,30,Prototype
70,HappinessPrototype2,0.18181818181818182,Happiness,31,Prototype
71,HappinessPrototype2,0.16666666666666666,Happiness,32,Prototype
72,HappinessPrototype2,0.4,Happiness,33,Prototype
73,HappinessPrototype2,0.5,Happiness,34,Prototype
74,HappinessPrototype2,0.07692307692307693,Happiness,35,Prototype
75,HappinessPrototype2,0.5454545454545454,Happiness,36,Prototype
76,HappinessPrototype2,0.5,Happiness,37,Prototype
77,HappinessPrototype2,0.13043478260869565,Happiness,38,Prototype
78,HappinessPrototype2,0.5,Happiness,39,Prototype
79,HappinessPrototype2,0.09090909090909091,Happiness,40,Prototype
80,HappinessPrototype3,0.5454545454545454,Happiness,1,Prototype
81,HappinessPrototype3,0.3,Happiness,2,Prototype
82,HappinessPrototype3,0.35714285714285715,Happiness,3,Prototype
83,HappinessPrototype3,0.15789473684210525,Happiness,4,Prototype
84,HappinessPrototype3,0.4,Happiness,5,Prototype
85,HappinessPrototype3,0.09523809523809523,Happiness,6,Prototype
86,HappinessPrototype3,0.18181818181818182,Happiness,7,Prototype
87,HappinessPrototype3,0.1875,Happiness,8,Prototype
88,HappinessPrototype3,0.25,Happiness,9,Prototype
89,HappinessPrototype3,0.4444444444444444,Happiness,10,Prototype
90,HappinessPrototype3,0.09523809523809523,Happiness,11,Prototype
91,HappinessPrototype3,0.23076923076923078,Happiness,12,Prototype
92,HappinessPrototype3,0.375,Happiness,13,Prototype
93,HappinessPrototype3,0.043478260869565216,Happiness,14,Prototype
94,HappinessPrototype3,0.5833333333333334,Happiness,15,Prototype
95,HappinessPrototype3,0.21052631578947367,Happiness,16,Prototype
96,HappinessPrototype3,0.36363636363636365,Happiness,17,Prototype
97,HappinessPrototype3,0.1,Happiness,18,Prototype
98,HappinessPrototype3,0.09090909090909091,Happiness,19,Prototype
99,HappinessPrototype3,0.3076923076923077,Happiness,20,Prototype
100,HappinessPrototype3,0.2777777777777778,Happiness,21,Prototype
101,HappinessPrototype3,0.08695652173913043,Happiness,22,Prototype
102,HappinessPrototype3,0.08,Happiness,23,Prototype
103,HappinessPrototype3,0.42857142857142855,Happiness,24,Prototype
104,HappinessPrototype3,0.375,Happiness,25,Prototype
105,HappinessPrototype3,0.25,Happiness,26,Prototype
106,HappinessPrototype3,0.42857142857142855,Happiness,27,Prototype
107,HappinessPrototype3,0.1,Happiness,28,Prototype
108,HappinessPrototype3,0.15384615384615385,Happiness,29,Prototype
109,HappinessPrototype3,0.3333333333333333,Happiness,30,Prototype
110,HappinessPrototype3,0.23809523809523808,Happiness,31,Prototype
111,HappinessPrototype3,0.13043478260869565,Happiness,32,Prototype
112,HappinessPrototype3,0.45454545454545453,Happiness,33,Prototype
113,HappinessPrototype3,0.07692307692307693,Happiness,34,Prototype
114,HappinessPrototype3,0.08695652173913043,Happiness,35,Prototype
115,HappinessPrototype3,0.2222222222222222,Happiness,36,Prototype
116,HappinessPrototype3,0.45454545454545453,Happiness,37,Prototype
117,HappinessPrototype3,0.2222222222222222,Happiness,38,Prototype
118,HappinessPrototype3,0.375,Happiness,39,Prototype
119,HappinessPrototype3,0.06666666666666667,Happiness,40,Prototype
120,HappinessPrototype4,0.5,Happiness,1,Prototype
121,HappinessPrototype4,0.4166666666666667,Happiness,2,Prototype
122,HappinessPrototype4,0.4166666666666667,Happiness,3,Prototype
123,HappinessPrototype4,0.2631578947368421,Happiness,4,Prototype
124,HappinessPrototype4,0.375,Happiness,5,Prototype
125,HappinessPrototype4,0.08,Happiness,6,Prototype
126,HappinessPrototype4,0.22727272727272727,Happiness,7,Prototype
127,HappinessPrototype4,0.45454545454545453,Happiness,8,Prototype
128,HappinessPrototype4,0.29411764705882354,Happiness,9,Prototype
129,HappinessPrototype4,0.4,Happiness,10,Prototype
130,HappinessPrototype4,0.38461538461538464,Happiness,11,Prototype
131,HappinessPrototype4,0.4444444444444444,Happiness,12,Prototype
132,HappinessPrototype4,0.375,Happiness,13,Prototype
133,HappinessPrototype4,0.4,Happiness,14,Prototype
134,HappinessPrototype4,0.5833333333333334,Happiness,15,Prototype
135,HappinessPrototype4,0.1875,Happiness,16,Prototype
136,HappinessPrototype4,0.4,Happiness,17,Prototype
137,HappinessPrototype4,0.09090909090909091,Happiness,18,Prototype
138,HappinessPrototype4,0.1111111111111111,Happiness,19,Prototype
139,HappinessPrototype4,0.3333333333333333,Happiness,20,Prototype
140,HappinessPrototype4,0.375,Happiness,21,Prototype
141,HappinessPrototype4,0.05,Happiness,22,Prototype
142,HappinessPrototype4,0.041666666666666664,Happiness,23,Prototype
143,HappinessPrototype4,0.46153846153846156,Happiness,24,Prototype
144,HappinessPrototype4,0.375,Happiness,25,Prototype
145,HappinessPrototype4,0.42857142857142855,Happiness,26,Prototype
146,HappinessPrototype4,0.09090909090909091,Happiness,27,Prototype
147,HappinessPrototype4,0.04,Happiness,28,Prototype
148,HappinessPrototype4,0.14285714285714285,Happiness,29,Prototype
149,HappinessPrototype4,0.35294117647058826,Happiness,30,Prototype
150,HappinessPrototype4,0.08695652173913043,Happiness,31,Prototype
151,HappinessPrototype4,0.15384615384615385,Happiness,32,Prototype
152,HappinessPrototype4,0.5833333333333334,Happiness,33,Prototype
153,HappinessPrototype4,0.5454545454545454,Happiness,34,Prototype
154,HappinessPrototype4,0.17857142857142858,Happiness,35,Prototype
155,HappinessPrototype4,0.3333333333333333,Happiness,36,Prototype
156,HappinessPrototype4,0.5833333333333334,Happiness,37,Prototype
157,HappinessPrototype4,0.07407407407407407,Happiness,38,Prototype
158,HappinessPrototype4,0.2857142857142857,Happiness,39,Prototype
159,HappinessPrototype4,0.09090909090909091,Happiness,40,Prototype
160,HappinessBO1,0.5833333333333334,Happiness,1,BO
161,HappinessBO1,0.3333333333333333,Happiness,2,BO
162,HappinessBO1,0.46153846153846156,Happiness,3,BO
163,HappinessBO1,0.16666666666666666,Happiness,4,BO
164,HappinessBO1,0.42857142857142855,Happiness,5,BO
165,HappinessBO1,0.1111111111111111,Happiness,6,BO
166,HappinessBO1,0.25,Happiness,7,BO
167,HappinessBO1,0.5454545454545454,Happiness,8,BO
168,HappinessBO1,0.4117647058823529,Happiness,9,BO
169,HappinessBO1,0.5,Happiness,10,BO
170,HappinessBO1,0.5,Happiness,11,BO
171,HappinessBO1,0.5,Happiness,12,BO
172,HappinessBO1,0.375,Happiness,13,BO
173,HappinessBO1,0.5833333333333334,Happiness,14,BO
174,HappinessBO1,0.5833333333333334,Happiness,15,BO
175,HappinessBO1,0.10526315789473684,Happiness,16,BO
176,HappinessBO1,0.3333333333333333,Happiness,17,BO
177,HappinessBO1,0.05555555555555555,Happiness,18,BO
178,HappinessBO1,0.16666666666666666,Happiness,19,BO
179,HappinessBO1,0.08333333333333333,Happiness,20,BO
180,HappinessBO1,0.36363636363636365,Happiness,21,BO
181,HappinessBO1,0.1,Happiness,22,BO
182,HappinessBO1,0.047619047619047616,Happiness,23,BO
183,HappinessBO1,0.35714285714285715,Happiness,24,BO
184,HappinessBO1,0.2857142857142857,Happiness,25,BO
185,HappinessBO1,0.46153846153846156,Happiness,26,BO
186,HappinessBO1,0.23529411764705882,Happiness,27,BO
187,HappinessBO1,0.047619047619047616,Happiness,28,BO
188,HappinessBO1,0.23076923076923078,Happiness,29,BO
189,HappinessBO1,0.16666666666666666,Happiness,30,BO
190,HappinessBO1,0.10526315789473684,Happiness,31,BO
191,HappinessBO1,0.5,Happiness,32,BO
192,HappinessBO1,0.2727272727272727,Happiness,33,BO
193,HappinessBO1,0.5,Happiness,34,BO
194,HappinessBO1,0.041666666666666664,Happiness,35,BO
195,HappinessBO1,0.5833333333333334,Happiness,36,BO
196,HappinessBO1,0.5454545454545454,Happiness,37,BO
197,HappinessBO1,0.23529411764705882,Happiness,38,BO
198,HappinessBO1,0.4444444444444444,Happiness,39,BO
199,HappinessBO1,0.125,Happiness,40,BO
200,HappinessBO2,0.45454545454545453,Happiness,1,BO
201,HappinessBO2,0.3333333333333333,Happiness,2,BO
202,HappinessBO2,0.5,Happiness,3,BO
203,HappinessBO2,0.13636363636363635,Happiness,4,BO
204,HappinessBO2,0.07142857142857142,Happiness,5,BO
205,HappinessBO2,0.10526315789473684,Happiness,6,BO
206,HappinessBO2,0.10526315789473684,Happiness,7,BO
207,HappinessBO2,0.5454545454545454,Happiness,8,BO
208,HappinessBO2,0.26666666666666666,Happiness,9,BO
209,HappinessBO2,0.4444444444444444,Happiness,10,BO
210,HappinessBO2,0.42857142857142855,Happiness,11,BO
211,HappinessBO2,0.08333333333333333,Happiness,12,BO
212,HappinessBO2,0.2857142857142857,Happiness,13,BO
213,HappinessBO2,0.5454545454545454,Happiness,14,BO
214,HappinessBO2,0.06666666666666667,Happiness,15,BO
215,HappinessBO2,0.05,Happiness,16,BO
216,HappinessBO2,0.08333333333333333,Happiness,17,BO
217,HappinessBO2,0.125,Happiness,18,BO
218,HappinessBO2,0.09090909090909091,Happiness,19,BO
219,HappinessBO2,0.08333333333333333,Happiness,20,BO
220,HappinessBO2,0.45454545454545453,Happiness,21,BO
221,HappinessBO2,0.09523809523809523,Happiness,22,BO
222,HappinessBO2,0.1111111111111111,Happiness,23,BO
223,HappinessBO2,0.4166666666666667,Happiness,24,BO
224,HappinessBO2,0.2857142857142857,Happiness,25,BO
225,HappinessBO2,0.4444444444444444,Happiness,26,BO
226,HappinessBO2,0.25,Happiness,27,BO
227,HappinessBO2,0.045454545454545456,Happiness,28,BO
228,HappinessBO2,0.23076923076923078,Happiness,29,BO
229,HappinessBO2,0.3333333333333333,Happiness,30,BO
230,HappinessBO2,0.09090909090909091,Happiness,31,BO
231,HappinessBO2,0.3333333333333333,Happiness,32,BO
232,HappinessBO2,0.36363636363636365,Happiness,33,BO
233,HappinessBO2,0.5,Happiness,34,BO
234,HappinessBO2,0.058823529411764705,Happiness,35,BO
235,HappinessBO2,0.5833333333333334,Happiness,36,BO
236,HappinessBO2,0.5384615384615384,Happiness,37,BO
237,HappinessBO2,0.12,Happiness,38,BO
238,HappinessBO2,0.375,Happiness,39,BO
239,HappinessBO2,0.375,Happiness,40,BO
240,HappinessBO3,0.42857142857142855,Happiness,1,BO
241,HappinessBO3,0.4,Happiness,2,BO
242,HappinessBO3,0.4166666666666667,Happiness,3,BO
243,HappinessBO3,0.22727272727272727,Happiness,4,BO
244,HappinessBO3,0.13333333333333333,Happiness,5,BO
245,HappinessBO3,0.125,Happiness,6,BO
246,HappinessBO3,0.17391304347826086,Happiness,7,BO
247,HappinessBO3,0.5,Happiness,8,BO
248,HappinessBO3,0.29411764705882354,Happiness,9,BO
249,HappinessBO3,0.4444444444444444,Happiness,10,BO
250,HappinessBO3,0.35714285714285715,Happiness,11,BO
251,HappinessBO3,0.36363636363636365,Happiness,12,BO
252,HappinessBO3,0.375,Happiness,13,BO
253,HappinessBO3,0.2631578947368421,Happiness,14,BO
254,HappinessBO3,0.5833333333333334,Happiness,15,BO
255,HappinessBO3,0.10526315789473684,Happiness,16,BO
256,HappinessBO3,0.08333333333333333,Happiness,17,BO
257,HappinessBO3,0.23529411764705882,Happiness,18,BO
258,HappinessBO3,0.18181818181818182,Happiness,19,BO
259,HappinessBO3,0.1,Happiness,20,BO
260,HappinessBO3,0.46153846153846156,Happiness,21,BO
261,HappinessBO3,0.09523809523809523,Happiness,22,BO
262,HappinessBO3,0.08695652173913043,Happiness,23,BO
263,HappinessBO3,0.38461538461538464,Happiness,24,BO
264,HappinessBO3,0.2857142857142857,Happiness,25,BO
265,HappinessBO3,0.38461538461538464,Happiness,26,BO
266,HappinessBO3,0.25,Happiness,27,BO
267,HappinessBO3,0.05263157894736842,Happiness,28,BO
268,HappinessBO3,0.23076923076923078,Happiness,29,BO
269,HappinessBO3,0.3333333333333333,Happiness,30,BO
270,HappinessBO3,0.25,Happiness,31,BO
271,HappinessBO3,0.16666666666666666,Happiness,32,BO
272,HappinessBO3,0.4,Happiness,33,BO
273,HappinessBO3,0.05263157894736842,Happiness,34,BO
274,HappinessBO3,0.10526315789473684,Happiness,35,BO
275,HappinessBO3,0.5833333333333334,Happiness,36,BO
276,HappinessBO3,0.5833333333333334,Happiness,37,BO
277,HappinessBO3,0.25,Happiness,38,BO
278,HappinessBO3,0.5,Happiness,39,BO
279,HappinessBO3,0.1111111111111111,Happiness,40,BO
280,HappinessBO4,0.5454545454545454,Happiness,1,BO
281,HappinessBO4,0.4444444444444444,Happiness,2,BO
282,HappinessBO4,0.45454545454545453,Happiness,3,BO
283,HappinessBO4,0.13636363636363635,Happiness,4,BO
284,HappinessBO4,0.38461538461538464,Happiness,5,BO
285,HappinessBO4,0.2777777777777778,Happiness,6,BO
286,HappinessBO4,0.2,Happiness,7,BO
287,HappinessBO4,0.38461538461538464,Happiness,8,BO
288,HappinessBO4,0.375,Happiness,9,BO
289,HappinessBO4,0.4444444444444444,Happiness,10,BO
290,HappinessBO4,0.38461538461538464,Happiness,11,BO
291,HappinessBO4,0.2727272727272727,Happiness,12,BO
292,HappinessBO4,0.2857142857142857,Happiness,13,BO
293,HappinessBO4,0.5833333333333334,Happiness,14,BO
294,HappinessBO4,0.5833333333333334,Happiness,15,BO
295,HappinessBO4,0.1111111111111111,Happiness,16,BO
296,HappinessBO4,0.4444444444444444,Happiness,17,BO
297,HappinessBO4,0.3125,Happiness,18,BO
298,HappinessBO4,0.14285714285714285,Happiness,19,BO
299,HappinessBO4,0.5454545454545454,Happiness,20,BO
300,HappinessBO4,0.45454545454545453,Happiness,21,BO
301,HappinessBO4,0.26666666666666666,Happiness,22,BO
302,HappinessBO4,0.26666666666666666,Happiness,23,BO
303,HappinessBO4,0.4,Happiness,24,BO
304,HappinessBO4,0.2857142857142857,Happiness,25,BO
305,HappinessBO4,0.45454545454545453,Happiness,26,BO
306,HappinessBO4,0.4444444444444444,Happiness,27,BO
307,HappinessBO4,0.12,Happiness,28,BO
308,HappinessBO4,0.23076923076923078,Happiness,29,BO
309,HappinessBO4,0.3333333333333333,Happiness,30,BO
310,HappinessBO4,0.29411764705882354,Happiness,31,BO
311,HappinessBO4,0.3333333333333333,Happiness,32,BO
312,HappinessBO4,0.4444444444444444,Happiness,33,BO
313,HappinessBO4,0.5,Happiness,34,BO
314,HappinessBO4,0.2857142857142857,Happiness,35,BO
315,HappinessBO4,0.5833333333333334,Happiness,36,BO
316,HappinessBO4,0.5454545454545454,Happiness,37,BO
317,HappinessBO4,0.17391304347826086,Happiness,38,BO
318,HappinessBO4,0.375,Happiness,39,BO
319,HappinessBO4,0.4444444444444444,Happiness,40,BO
0,SadnessPrototype1,0.5833333333333334,Sadness,1,Prototype
1,SadnessPrototype1,0.15384615384615385,Sadness,2,Prototype
2,SadnessPrototype1,0.13333333333333333,Sadness,3,Prototype
3,SadnessPrototype1,0.21739130434782608,Sadness,4,Prototype
4,SadnessPrototype1,0.4,Sadness,5,Prototype
5,SadnessPrototype1,0.18181818181818182,Sadness,6,Prototype
6,SadnessPrototype1,0.2,Sadness,7,Prototype
7,SadnessPrototype1,0.07142857142857142,Sadness,8,Prototype
8,SadnessPrototype1,0.3333333333333333,Sadness,9,Prototype
9,SadnessPrototype1,0.14285714285714285,Sadness,10,Prototype
10,SadnessPrototype1,0.3333333333333333,Sadness,11,Prototype
11,SadnessPrototype1,0.23076923076923078,Sadness,12,Prototype
12,SadnessPrototype1,0.14285714285714285,Sadness,13,Prototype
13,SadnessPrototype1,0.4375,Sadness,14,Prototype
14,SadnessPrototype1,0.0625,Sadness,15,Prototype
15,SadnessPrototype1,0.21739130434782608,Sadness,16,Prototype
16,SadnessPrototype1,0.45454545454545453,Sadness,17,Prototype
17,SadnessPrototype1,0.2777777777777778,Sadness,18,Prototype
18,SadnessPrototype1,0.5,Sadness,19,Prototype
19,SadnessPrototype1,0.07142857142857142,Sadness,20,Prototype
20,SadnessPrototype1,0.2857142857142857,Sadness,21,Prototype
21,SadnessPrototype1,0.3157894736842105,Sadness,22,Prototype
22,SadnessPrototype1,0.20833333333333334,Sadness,23,Prototype
23,SadnessPrototype1,0.3076923076923077,Sadness,24,Prototype
24,SadnessPrototype1,0.14285714285714285,Sadness,25,Prototype
25,SadnessPrototype1,0.1,Sadness,26,Prototype
26,SadnessPrototype1,0.14285714285714285,Sadness,27,Prototype
27,SadnessPrototype1,0.2727272727272727,Sadness,28,Prototype
28,SadnessPrototype1,0.17857142857142858,Sadness,29,Prototype
29,SadnessPrototype1,0.3157894736842105,Sadness,30,Prototype
30,SadnessPrototype1,0.21739130434782608,Sadness,31,Prototype
31,SadnessPrototype1,0.3333333333333333,Sadness,32,Prototype
32,SadnessPrototype1,0.2,Sadness,33,Prototype
33,SadnessPrototype1,0.0625,Sadness,34,Prototype
34,SadnessPrototype1,0.35294117647058826,Sadness,35,Prototype
35,SadnessPrototype1,0.35,Sadness,36,Prototype
36,SadnessPrototype1,0.4,Sadness,37,Prototype
37,SadnessPrototype1,0.1111111111111111,Sadness,38,Prototype
38,SadnessPrototype1,0.14285714285714285,Sadness,39,Prototype
39,SadnessPrototype1,0.5833333333333334,Sadness,40,Prototype
40,SadnessPrototype2,0.3333333333333333,Sadness,1,Prototype
41,SadnessPrototype2,0.21052631578947367,Sadness,2,Prototype
42,SadnessPrototype2,0.15789473684210525,Sadness,3,Prototype
43,SadnessPrototype2,0.20833333333333334,Sadness,4,Prototype
44,SadnessPrototype2,0.375,Sadness,5,Prototype
45,SadnessPrototype2,0.3157894736842105,Sadness,6,Prototype
46,SadnessPrototype2,0.2,Sadness,7,Prototype
47,SadnessPrototype2,0.09523809523809523,Sadness,8,Prototype
48,SadnessPrototype2,0.3181818181818182,Sadness,9,Prototype
49,SadnessPrototype2,0.125,Sadness,10,Prototype
50,SadnessPrototype2,0.23076923076923078,Sadness,11,Prototype
51,SadnessPrototype2,0.2,Sadness,12,Prototype
52,SadnessPrototype2,0.14285714285714285,Sadness,13,Prototype
53,SadnessPrototype2,0.23076923076923078,Sadness,14,Prototype
54,SadnessPrototype2,0.2222222222222222,Sadness,15,Prototype
55,SadnessPrototype2,0.23809523809523808,Sadness,16,Prototype
56,SadnessPrototype2,0.38461538461538464,Sadness,17,Prototype
57,SadnessPrototype2,0.22727272727272727,Sadness,18,Prototype
58,SadnessPrototype2,0.2777777777777778,Sadness,19,Prototype
59,SadnessPrototype2,0.05555555555555555,Sadness,20,Prototype
60,SadnessPrototype2,0.26666666666666666,Sadness,21,Prototype
61,SadnessPrototype2,0.23809523809523808,Sadness,22,Prototype
62,SadnessPrototype2,0.25,Sadness,23,Prototype
63,SadnessPrototype2,0.35714285714285715,Sadness,24,Prototype
64,SadnessPrototype2,0.14285714285714285,Sadness,25,Prototype
65,SadnessPrototype2,0.08333333333333333,Sadness,26,Prototype
66,SadnessPrototype2,0.4166666666666667,Sadness,27,Prototype
67,SadnessPrototype2,0.2222222222222222,Sadness,28,Prototype
68,SadnessPrototype2,0.15384615384615385,Sadness,29,Prototype
69,SadnessPrototype2,0.18181818181818182,Sadness,30,Prototype
70,SadnessPrototype2,0.24,Sadness,31,Prototype
71,SadnessPrototype2,0.2727272727272727,Sadness,32,Prototype
72,SadnessPrototype2,0.2857142857142857,Sadness,33,Prototype
73,SadnessPrototype2,0.07142857142857142,Sadness,34,Prototype
74,SadnessPrototype2,0.3333333333333333,Sadness,35,Prototype
75,SadnessPrototype2,0.3076923076923077,Sadness,36,Prototype
76,SadnessPrototype2,0.07692307692307693,Sadness,37,Prototype
77,SadnessPrototype2,0.17647058823529413,Sadness,38,Prototype
78,SadnessPrototype2,0.1111111111111111,Sadness,39,Prototype
79,SadnessPrototype2,0.5,Sadness,40,Prototype
80,SadnessPrototype3,0.23076923076923078,Sadness,1,Prototype
81,SadnessPrototype3,0.2,Sadness,2,Prototype
82,SadnessPrototype3,0.2,Sadness,3,Prototype
83,SadnessPrototype3,0.21052631578947367,Sadness,4,Prototype
84,SadnessPrototype3,0.35294117647058826,Sadness,5,Prototype
85,SadnessPrototype3,0.2608695652173913,Sadness,6,Prototype
86,SadnessPrototype3,0.13636363636363635,Sadness,7,Prototype
87,SadnessPrototype3,0.2,Sadness,8,Prototype
88,SadnessPrototype3,0.25,Sadness,9,Prototype
89,SadnessPrototype3,0.3,Sadness,10,Prototype
90,SadnessPrototype3,0.2,Sadness,11,Prototype
91,SadnessPrototype3,0.2222222222222222,Sadness,12,Prototype
92,SadnessPrototype3,0.125,Sadness,13,Prototype
93,SadnessPrototype3,0.3181818181818182,Sadness,14,Prototype
94,SadnessPrototype3,0.3333333333333333,Sadness,15,Prototype
95,SadnessPrototype3,0.22727272727272727,Sadness,16,Prototype
96,SadnessPrototype3,0.4166666666666667,Sadness,17,Prototype
97,SadnessPrototype3,0.2857142857142857,Sadness,18,Prototype
98,SadnessPrototype3,0.4117647058823529,Sadness,19,Prototype
99,SadnessPrototype3,0.058823529411764705,Sadness,20,Prototype
100,SadnessPrototype3,0.2,Sadness,21,Prototype
101,SadnessPrototype3,0.28,Sadness,22,Prototype
102,SadnessPrototype3,0.2857142857142857,Sadness,23,Prototype
103,SadnessPrototype3,0.22727272727272727,Sadness,24,Prototype
104,SadnessPrototype3,0.125,Sadness,25,Prototype
105,SadnessPrototype3,0.15,Sadness,26,Prototype
106,SadnessPrototype3,0.12,Sadness,27,Prototype
107,SadnessPrototype3,0.25925925925925924,Sadness,28,Prototype
108,SadnessPrototype3,0.17857142857142858,Sadness,29,Prototype
109,SadnessPrototype3,0.25,Sadness,30,Prototype
110,SadnessPrototype3,0.22727272727272727,Sadness,31,Prototype
111,SadnessPrototype3,0.2916666666666667,Sadness,32,Prototype
112,SadnessPrototype3,0.36363636363636365,Sadness,33,Prototype
113,SadnessPrototype3,0.2608695652173913,Sadness,34,Prototype
114,SadnessPrototype3,0.2857142857142857,Sadness,35,Prototype
115,SadnessPrototype3,0.23333333333333334,Sadness,36,Prototype
116,SadnessPrototype3,0.4117647058823529,Sadness,37,Prototype
117,SadnessPrototype3,0.17857142857142858,Sadness,38,Prototype
118,SadnessPrototype3,0.26666666666666666,Sadness,39,Prototype
119,SadnessPrototype3,0.35,Sadness,40,Prototype
120,SadnessPrototype4,0.2727272727272727,Sadness,1,Prototype
121,SadnessPrototype4,0.23809523809523808,Sadness,2,Prototype
122,SadnessPrototype4,0.21739130434782608,Sadness,3,Prototype
123,SadnessPrototype4,0.19047619047619047,Sadness,4,Prototype
124,SadnessPrototype4,0.23809523809523808,Sadness,5,Prototype
125,SadnessPrototype4,0.2608695652173913,Sadness,6,Prototype
126,SadnessPrototype4,0.16,Sadness,7,Prototype
127,SadnessPrototype4,0.3684210526315789,Sadness,8,Prototype
128,SadnessPrototype4,0.2,Sadness,9,Prototype
129,SadnessPrototype4,0.4,Sadness,10,Prototype
130,SadnessPrototype4,0.2857142857142857,Sadness,11,Prototype
131,SadnessPrototype4,0.16666666666666666,Sadness,12,Prototype
132,SadnessPrototype4,0.1,Sadness,13,Prototype
133,SadnessPrototype4,0.28,Sadness,14,Prototype
134,SadnessPrototype4,0.5833333333333334,Sadness,15,Prototype
135,SadnessPrototype4,0.2608695652173913,Sadness,16,Prototype
136,SadnessPrototype4,0.35714285714285715,Sadness,17,Prototype
137,SadnessPrototype4,0.2608695652173913,Sadness,18,Prototype
138,SadnessPrototype4,0.38461538461538464,Sadness,19,Prototype
139,SadnessPrototype4,0.0625,Sadness,20,Prototype
140,SadnessPrototype4,0.16666666666666666,Sadness,21,Prototype
141,SadnessPrototype4,0.2727272727272727,Sadness,22,Prototype
142,SadnessPrototype4,0.25,Sadness,23,Prototype
143,SadnessPrototype4,0.16,Sadness,24,Prototype
144,SadnessPrototype4,0.125,Sadness,25,Prototype
145,SadnessPrototype4,0.07142857142857142,Sadness,26,Prototype
146,SadnessPrototype4,0.17647058823529413,Sadness,27,Prototype
147,SadnessPrototype4,0.1724137931034483,Sadness,28,Prototype
148,SadnessPrototype4,0.18518518518518517,Sadness,29,Prototype
149,SadnessPrototype4,0.2777777777777778,Sadness,30,Prototype
150,SadnessPrototype4,0.18518518518518517,Sadness,31,Prototype
151,SadnessPrototype4,0.13636363636363635,Sadness,32,Prototype
152,SadnessPrototype4,0.25,Sadness,33,Prototype
153,SadnessPrototype4,0.043478260869565216,Sadness,34,Prototype
154,SadnessPrototype4,0.2222222222222222,Sadness,35,Prototype
155,SadnessPrototype4,0.23333333333333334,Sadness,36,Prototype
156,SadnessPrototype4,0.375,Sadness,37,Prototype
157,SadnessPrototype4,0.15384615384615385,Sadness,38,Prototype
158,SadnessPrototype4,0.42857142857142855,Sadness,39,Prototype
159,SadnessPrototype4,0.4375,Sadness,40,Prototype
160,SadnessBO1,0.5,Sadness,1,BO
161,SadnessBO1,0.35294117647058826,Sadness,2,BO
162,SadnessBO1,0.2222222222222222,Sadness,3,BO
163,SadnessBO1,0.24,Sadness,4,BO
164,SadnessBO1,0.4375,Sadness,5,BO
165,SadnessBO1,0.3684210526315789,Sadness,6,BO
166,SadnessBO1,0.25,Sadness,7,BO
167,SadnessBO1,0.5454545454545454,Sadness,8,BO
168,SadnessBO1,0.3333333333333333,Sadness,9,BO
169,SadnessBO1,0.5,Sadness,10,BO
170,SadnessBO1,0.4375,Sadness,11,BO
171,SadnessBO1,0.4666666666666667,Sadness,12,BO
172,SadnessBO1,0.5,Sadness,13,BO
173,SadnessBO1,0.3888888888888889,Sadness,14,BO
174,SadnessBO1,0.5833333333333334,Sadness,15,BO
175,SadnessBO1,0.2727272727272727,Sadness,16,BO
176,SadnessBO1,0.5,Sadness,17,BO
177,SadnessBO1,0.3157894736842105,Sadness,18,BO
178,SadnessBO1,0.4375,Sadness,19,BO
179,SadnessBO1,0.058823529411764705,Sadness,20,BO
180,SadnessBO1,0.18181818181818182,Sadness,21,BO
181,SadnessBO1,0.3333333333333333,Sadness,22,BO
182,SadnessBO1,0.35,Sadness,23,BO
183,SadnessBO1,0.3888888888888889,Sadness,24,BO
184,SadnessBO1,0.5,Sadness,25,BO
185,SadnessBO1,0.30434782608695654,Sadness,26,BO
186,SadnessBO1,0.5833333333333334,Sadness,27,BO
187,SadnessBO1,0.2413793103448276,Sadness,28,BO
188,SadnessBO1,0.14285714285714285,Sadness,29,BO
189,SadnessBO1,0.3157894736842105,Sadness,30,BO
190,SadnessBO1,0.2608695652173913,Sadness,31,BO
191,SadnessBO1,0.3888888888888889,Sadness,32,BO
192,SadnessBO1,0.35714285714285715,Sadness,33,BO
193,SadnessBO1,0.4117647058823529,Sadness,34,BO
194,SadnessBO1,0.3888888888888889,Sadness,35,BO
195,SadnessBO1,0.2916666666666667,Sadness,36,BO
196,SadnessBO1,0.5384615384615384,Sadness,37,BO
197,SadnessBO1,0.2727272727272727,Sadness,38,BO
198,SadnessBO1,0.375,Sadness,39,BO
199,SadnessBO1,0.3888888888888889,Sadness,40,BO
200,SadnessBO2,0.35294117647058826,Sadness,1,BO
201,SadnessBO2,0.2727272727272727,Sadness,2,BO
202,SadnessBO2,0.19047619047619047,Sadness,3,BO
203,SadnessBO2,0.18518518518518517,Sadness,4,BO
204,SadnessBO2,0.375,Sadness,5,BO
205,SadnessBO2,0.28,Sadness,6,BO
206,SadnessBO2,0.23809523809523808,Sadness,7,BO
207,SadnessBO2,0.42857142857142855,Sadness,8,BO
208,SadnessBO2,0.2857142857142857,Sadness,9,BO
209,SadnessBO2,0.45454545454545453,Sadness,10,BO
210,SadnessBO2,0.3888888888888889,Sadness,11,BO
211,SadnessBO2,0.21052631578947367,Sadness,12,BO
212,SadnessBO2,0.4444444444444444,Sadness,13,BO
213,SadnessBO2,0.4117647058823529,Sadness,14,BO
214,SadnessBO2,0.5833333333333334,Sadness,15,BO
215,SadnessBO2,0.20833333333333334,Sadness,16,BO
216,SadnessBO2,0.5,Sadness,17,BO
217,SadnessBO2,0.2857142857142857,Sadness,18,BO
218,SadnessBO2,0.5833333333333334,Sadness,19,BO
219,SadnessBO2,0.09090909090909091,Sadness,20,BO
220,SadnessBO2,0.23529411764705882,Sadness,21,BO
221,SadnessBO2,0.3181818181818182,Sadness,22,BO
222,SadnessBO2,0.3684210526315789,Sadness,23,BO
223,SadnessBO2,0.38461538461538464,Sadness,24,BO
224,SadnessBO2,0.5,Sadness,25,BO
225,SadnessBO2,0.30434782608695654,Sadness,26,BO
226,SadnessBO2,0.29411764705882354,Sadness,27,BO
227,SadnessBO2,0.23333333333333334,Sadness,28,BO
228,SadnessBO2,0.18518518518518517,Sadness,29,BO
229,SadnessBO2,0.3125,Sadness,30,BO
230,SadnessBO2,0.25,Sadness,31,BO
231,SadnessBO2,0.3684210526315789,Sadness,32,BO
232,SadnessBO2,0.4166666666666667,Sadness,33,BO
233,SadnessBO2,0.3684210526315789,Sadness,34,BO
234,SadnessBO2,0.24,Sadness,35,BO
235,SadnessBO2,0.2692307692307692,Sadness,36,BO
236,SadnessBO2,0.4117647058823529,Sadness,37,BO
237,SadnessBO2,0.21739130434782608,Sadness,38,BO
238,SadnessBO2,0.5833333333333334,Sadness,39,BO
239,SadnessBO2,0.3888888888888889,Sadness,40,BO
240,SadnessBO3,0.5833333333333334,Sadness,1,BO
241,SadnessBO3,0.3157894736842105,Sadness,2,BO
242,SadnessBO3,0.3333333333333333,Sadness,3,BO
243,SadnessBO3,0.24,Sadness,4,BO
244,SadnessBO3,0.4117647058823529,Sadness,5,BO
245,SadnessBO3,0.2857142857142857,Sadness,6,BO
246,SadnessBO3,0.23809523809523808,Sadness,7,BO
247,SadnessBO3,0.42857142857142855,Sadness,8,BO
248,SadnessBO3,0.3684210526315789,Sadness,9,BO
249,SadnessBO3,0.46153846153846156,Sadness,10,BO
250,SadnessBO3,0.3684210526315789,Sadness,11,BO
251,SadnessBO3,0.4,Sadness,12,BO
252,SadnessBO3,0.5454545454545454,Sadness,13,BO
253,SadnessBO3,0.30434782608695654,Sadness,14,BO
254,SadnessBO3,0.5833333333333334,Sadness,15,BO
255,SadnessBO3,0.2857142857142857,Sadness,16,BO
256,SadnessBO3,0.4666666666666667,Sadness,17,BO
257,SadnessBO3,0.3,Sadness,18,BO
258,SadnessBO3,0.5833333333333334,Sadness,19,BO
259,SadnessBO3,0.16666666666666666,Sadness,20,BO
260,SadnessBO3,0.3125,Sadness,21,BO
261,SadnessBO3,0.3684210526315789,Sadness,22,BO
262,SadnessBO3,0.35,Sadness,23,BO
263,SadnessBO3,0.4375,Sadness,24,BO
264,SadnessBO3,0.4444444444444444,Sadness,25,BO
265,SadnessBO3,0.3888888888888889,Sadness,26,BO
266,SadnessBO3,0.4444444444444444,Sadness,27,BO
267,SadnessBO3,0.25,Sadness,28,BO
268,SadnessBO3,0.2222222222222222,Sadness,29,BO
269,SadnessBO3,0.2777777777777778,Sadness,30,BO
270,SadnessBO3,0.2727272727272727,Sadness,31,BO
271,SadnessBO3,0.3684210526315789,Sadness,32,BO
272,SadnessBO3,0.3333333333333333,Sadness,33,BO
273,SadnessBO3,0.5833333333333334,Sadness,34,BO
274,SadnessBO3,0.3684210526315789,Sadness,35,BO
275,SadnessBO3,0.5833333333333334,Sadness,36,BO
276,SadnessBO3,0.4,Sadness,37,BO
277,SadnessBO3,0.18181818181818182,Sadness,38,BO
278,SadnessBO3,0.4666666666666667,Sadness,39,BO
279,SadnessBO3,0.3888888888888889,Sadness,40,BO
280,SadnessBO4,0.2631578947368421,Sadness,1,BO
281,SadnessBO4,0.3076923076923077,Sadness,2,BO
282,SadnessBO4,0.3333333333333333,Sadness,3,BO
283,SadnessBO4,0.23076923076923078,Sadness,4,BO
284,SadnessBO4,0.4117647058823529,Sadness,5,BO
285,SadnessBO4,0.3333333333333333,Sadness,6,BO
286,SadnessBO4,0.21739130434782608,Sadness,7,BO
287,SadnessBO4,0.5,Sadness,8,BO
288,SadnessBO4,0.30434782608695654,Sadness,9,BO
289,SadnessBO4,0.45454545454545453,Sadness,10,BO
290,SadnessBO4,0.4375,Sadness,11,BO
291,SadnessBO4,0.18181818181818182,Sadness,12,BO
292,SadnessBO4,0.5,Sadness,13,BO
293,SadnessBO4,0.4375,Sadness,14,BO
294,SadnessBO4,0.5833333333333334,Sadness,15,BO
295,SadnessBO4,0.21739130434782608,Sadness,16,BO
296,SadnessBO4,0.5384615384615384,Sadness,17,BO
297,SadnessBO4,0.3181818181818182,Sadness,18,BO
298,SadnessBO4,0.25,Sadness,19,BO
299,SadnessBO4,0.1,Sadness,20,BO
300,SadnessBO4,0.23529411764705882,Sadness,21,BO
301,SadnessBO4,0.3157894736842105,Sadness,22,BO
302,SadnessBO4,0.2916666666666667,Sadness,23,BO
303,SadnessBO4,0.3157894736842105,Sadness,24,BO
304,SadnessBO4,0.375,Sadness,25,BO
305,SadnessBO4,0.375,Sadness,26,BO
306,SadnessBO4,0.07692307692307693,Sadness,27,BO
307,SadnessBO4,0.25,Sadness,28,BO
308,SadnessBO4,0.2,Sadness,29,BO
309,SadnessBO4,0.35294117647058826,Sadness,30,BO
310,SadnessBO4,0.2608695652173913,Sadness,31,BO
311,SadnessBO4,0.3684210526315789,Sadness,32,BO
312,SadnessBO4,0.3076923076923077,Sadness,33,BO
313,SadnessBO4,0.3888888888888889,Sadness,34,BO
314,SadnessBO4,0.3333333333333333,Sadness,35,BO
315,SadnessBO4,0.30434782608695654,Sadness,36,BO
316,SadnessBO4,0.3333333333333333,Sadness,37,BO
317,SadnessBO4,0.2727272727272727,Sadness,38,BO
318,SadnessBO4,0.5833333333333334,Sadness,39,BO
319,SadnessBO4,0.5833333333333334,Sadness,40,BO
0,SurprisePrototype1,0.08333333333333333,Surprise,1,Prototype
1,SurprisePrototype1,0.17647058823529413,Surprise,2,Prototype
2,SurprisePrototype1,0.26666666666666666,Surprise,3,Prototype
3,SurprisePrototype1,0.23809523809523808,Surprise,4,Prototype
4,SurprisePrototype1,0.14285714285714285,Surprise,5,Prototype
5,SurprisePrototype1,0.09523809523809523,Surprise,6,Prototype
6,SurprisePrototype1,0.10526315789473684,Surprise,7,Prototype
7,SurprisePrototype1,0.3157894736842105,Surprise,8,Prototype
8,SurprisePrototype1,0.2,Surprise,9,Prototype
9,SurprisePrototype1,0.1111111111111111,Surprise,10,Prototype
10,SurprisePrototype1,0.07692307692307693,Surprise,11,Prototype
11,SurprisePrototype1,0.07142857142857142,Surprise,12,Prototype
12,SurprisePrototype1,0.2857142857142857,Surprise,13,Prototype
13,SurprisePrototype1,0.16666666666666666,Surprise,14,Prototype
14,SurprisePrototype1,0.1,Surprise,15,Prototype
15,SurprisePrototype1,0.09523809523809523,Surprise,16,Prototype
16,SurprisePrototype1,0.1111111111111111,Surprise,17,Prototype
17,SurprisePrototype1,0.10526315789473684,Surprise,18,Prototype
18,SurprisePrototype1,0.08333333333333333,Surprise,19,Prototype
19,SurprisePrototype1,0.125,Surprise,20,Prototype
20,SurprisePrototype1,0.1111111111111111,Surprise,21,Prototype
21,SurprisePrototype1,0.125,Surprise,22,Prototype
22,SurprisePrototype1,0.25,Surprise,23,Prototype
23,SurprisePrototype1,0.1,Surprise,24,Prototype
24,SurprisePrototype1,0.2857142857142857,Surprise,25,Prototype
25,SurprisePrototype1,0.1111111111111111,Surprise,26,Prototype
26,SurprisePrototype1,0.2857142857142857,Surprise,27,Prototype
27,SurprisePrototype1,0.2,Surprise,28,Prototype
28,SurprisePrototype1,0.15384615384615385,Surprise,29,Prototype
29,SurprisePrototype1,0.13333333333333333,Surprise,30,Prototype
30,SurprisePrototype1,0.18181818181818182,Surprise,31,Prototype
31,SurprisePrototype1,0.16666666666666666,Surprise,32,Prototype
32,SurprisePrototype1,0.18181818181818182,Surprise,33,Prototype
33,SurprisePrototype1,0.4444444444444444,Surprise,34,Prototype
34,SurprisePrototype1,0.16666666666666666,Surprise,35,Prototype
35,SurprisePrototype1,0.16666666666666666,Surprise,36,Prototype
36,SurprisePrototype1,0.08333333333333333,Surprise,37,Prototype
37,SurprisePrototype1,0.15,Surprise,38,Prototype
38,SurprisePrototype1,0.2857142857142857,Surprise,39,Prototype
39,SurprisePrototype1,0.07692307692307693,Surprise,40,Prototype
40,SurprisePrototype2,0.0625,Surprise,1,Prototype
41,SurprisePrototype2,0.2,Surprise,2,Prototype
42,SurprisePrototype2,0.2222222222222222,Surprise,3,Prototype
43,SurprisePrototype2,0.21052631578947367,Surprise,4,Prototype
44,SurprisePrototype2,0.15384615384615385,Surprise,5,Prototype
45,SurprisePrototype2,0.1,Surprise,6,Prototype
46,SurprisePrototype2,0.16666666666666666,Surprise,7,Prototype
47,SurprisePrototype2,0.15,Surprise,8,Prototype
48,SurprisePrototype2,0.11764705882352941,Surprise,9,Prototype
49,SurprisePrototype2,0.1,Surprise,10,Prototype
50,SurprisePrototype2,0.1111111111111111,Surprise,11,Prototype
51,SurprisePrototype2,0.14285714285714285,Surprise,12,Prototype
52,SurprisePrototype2,0.2857142857142857,Surprise,13,Prototype
53,SurprisePrototype2,0.1,Surprise,14,Prototype
54,SurprisePrototype2,0.09090909090909091,Surprise,15,Prototype
55,SurprisePrototype2,0.15789473684210525,Surprise,16,Prototype
56,SurprisePrototype2,0.1111111111111111,Surprise,17,Prototype
57,SurprisePrototype2,0.2222222222222222,Surprise,18,Prototype
58,SurprisePrototype2,0.07692307692307693,Surprise,19,Prototype
59,SurprisePrototype2,0.06666666666666667,Surprise,20,Prototype
60,SurprisePrototype2,0.2,Surprise,21,Prototype
61,SurprisePrototype2,0.125,Surprise,22,Prototype
62,SurprisePrototype2,0.1875,Surprise,23,Prototype
63,SurprisePrototype2,0.08333333333333333,Surprise,24,Prototype
64,SurprisePrototype2,0.2857142857142857,Surprise,25,Prototype
65,SurprisePrototype2,0.125,Surprise,26,Prototype
66,SurprisePrototype2,0.2857142857142857,Surprise,27,Prototype
67,SurprisePrototype2,0.24,Surprise,28,Prototype
68,SurprisePrototype2,0.15384615384615385,Surprise,29,Prototype
69,SurprisePrototype2,0.07692307692307693,Surprise,30,Prototype
70,SurprisePrototype2,0.18181818181818182,Surprise,31,Prototype
71,SurprisePrototype2,0.21739130434782608,Surprise,32,Prototype
72,SurprisePrototype2,0.125,Surprise,33,Prototype
73,SurprisePrototype2,0.5833333333333334,Surprise,34,Prototype
74,SurprisePrototype2,0.14285714285714285,Surprise,35,Prototype
75,SurprisePrototype2,0.16666666666666666,Surprise,36,Prototype
76,SurprisePrototype2,0.09090909090909091,Surprise,37,Prototype
77,SurprisePrototype2,0.15384615384615385,Surprise,38,Prototype
78,SurprisePrototype2,0.2857142857142857,Surprise,39,Prototype
79,SurprisePrototype2,0.16666666666666666,Surprise,40,Prototype
80,SurprisePrototype3,0.45454545454545453,Surprise,1,Prototype
81,SurprisePrototype3,0.3157894736842105,Surprise,2,Prototype
82,SurprisePrototype3,0.5,Surprise,3,Prototype
83,SurprisePrototype3,0.25,Surprise,4,Prototype
84,SurprisePrototype3,0.375,Surprise,5,Prototype
85,SurprisePrototype3,0.2631578947368421,Surprise,6,Prototype
86,SurprisePrototype3,0.22727272727272727,Surprise,7,Prototype
87,SurprisePrototype3,0.3333333333333333,Surprise,8,Prototype
88,SurprisePrototype3,0.25,Surprise,9,Prototype
89,SurprisePrototype3,0.1,Surprise,10,Prototype
90,SurprisePrototype3,0.5,Surprise,11,Prototype
91,SurprisePrototype3,0.3157894736842105,Surprise,12,Prototype
92,SurprisePrototype3,0.4444444444444444,Surprise,13,Prototype
93,SurprisePrototype3,0.4375,Surprise,14,Prototype
94,SurprisePrototype3,0.5454545454545454,Surprise,15,Prototype
95,SurprisePrototype3,0.20833333333333334,Surprise,16,Prototype
96,SurprisePrototype3,0.4166666666666667,Surprise,17,Prototype
97,SurprisePrototype3,0.2777777777777778,Surprise,18,Prototype
98,SurprisePrototype3,0.5454545454545454,Surprise,19,Prototype
99,SurprisePrototype3,0.5454545454545454,Surprise,20,Prototype
100,SurprisePrototype3,0.2222222222222222,Surprise,21,Prototype
101,SurprisePrototype3,0.2777777777777778,Surprise,22,Prototype
102,SurprisePrototype3,0.2631578947368421,Surprise,23,Prototype
103,SurprisePrototype3,0.38461538461538464,Surprise,24,Prototype
104,SurprisePrototype3,0.375,Surprise,25,Prototype
105,SurprisePrototype3,0.3333333333333333,Surprise,26,Prototype
106,SurprisePrototype3,0.2857142857142857,Surprise,27,Prototype
107,SurprisePrototype3,0.25925925925925924,Surprise,28,Prototype
108,SurprisePrototype3,0.18518518518518517,Surprise,29,Prototype
109,SurprisePrototype3,0.22727272727272727,Surprise,30,Prototype
110,SurprisePrototype3,0.21739130434782608,Surprise,31,Prototype
111,SurprisePrototype3,0.35,Surprise,32,Prototype
112,SurprisePrototype3,0.26666666666666666,Surprise,33,Prototype
113,SurprisePrototype3,0.5833333333333334,Surprise,34,Prototype
114,SurprisePrototype3,0.3888888888888889,Surprise,35,Prototype
115,SurprisePrototype3,0.5,Surprise,36,Prototype
116,SurprisePrototype3,0.375,Surprise,37,Prototype
117,SurprisePrototype3,0.2,Surprise,38,Prototype
118,SurprisePrototype3,0.5384615384615384,Surprise,39,Prototype
119,SurprisePrototype3,0.05555555555555555,Surprise,40,Prototype
120,SurprisePrototype4,0.15789473684210525,Surprise,1,Prototype
121,SurprisePrototype4,0.30434782608695654,Surprise,2,Prototype
122,SurprisePrototype4,0.4666666666666667,Surprise,3,Prototype
123,SurprisePrototype4,0.25,Surprise,4,Prototype
124,SurprisePrototype4,0.375,Surprise,5,Prototype
125,SurprisePrototype4,0.2631578947368421,Surprise,6,Prototype
126,SurprisePrototype4,0.20833333333333334,Surprise,7,Prototype
127,SurprisePrototype4,0.5454545454545454,Surprise,8,Prototype
128,SurprisePrototype4,0.11764705882352941,Surprise,9,Prototype
129,SurprisePrototype4,0.09090909090909091,Surprise,10,Prototype
130,SurprisePrototype4,0.4375,Surprise,11,Prototype
131,SurprisePrototype4,0.3333333333333333,Surprise,12,Prototype
132,SurprisePrototype4,0.4444444444444444,Surprise,13,Prototype
133,SurprisePrototype4,0.3181818181818182,Surprise,14,Prototype
134,SurprisePrototype4,0.5833333333333334,Surprise,15,Prototype
135,SurprisePrototype4,0.23809523809523808,Surprise,16,Prototype
136,SurprisePrototype4,0.3076923076923077,Surprise,17,Prototype
137,SurprisePrototype4,0.3125,Surprise,18,Prototype
138,SurprisePrototype4,0.35294117647058826,Surprise,19,Prototype
139,SurprisePrototype4,0.5454545454545454,Surprise,20,Prototype
140,SurprisePrototype4,0.21739130434782608,Surprise,21,Prototype
141,SurprisePrototype4,0.3125,Surprise,22,Prototype
142,SurprisePrototype4,0.29411764705882354,Surprise,23,Prototype
143,SurprisePrototype4,0.38461538461538464,Surprise,24,Prototype
144,SurprisePrototype4,0.4444444444444444,Surprise,25,Prototype
145,SurprisePrototype4,0.3888888888888889,Surprise,26,Prototype
146,SurprisePrototype4,0.4375,Surprise,27,Prototype
147,SurprisePrototype4,0.25925925925925924,Surprise,28,Prototype
148,SurprisePrototype4,0.23076923076923078,Surprise,29,Prototype
149,SurprisePrototype4,0.25,Surprise,30,Prototype
150,SurprisePrototype4,0.2,Surprise,31,Prototype
151,SurprisePrototype4,0.3333333333333333,Surprise,32,Prototype
152,SurprisePrototype4,0.21428571428571427,Surprise,33,Prototype
153,SurprisePrototype4,0.5833333333333334,Surprise,34,Prototype
154,SurprisePrototype4,0.3157894736842105,Surprise,35,Prototype
155,SurprisePrototype4,0.24,Surprise,36,Prototype
156,SurprisePrototype4,0.38461538461538464,Surprise,37,Prototype
157,SurprisePrototype4,0.3,Surprise,38,Prototype
158,SurprisePrototype4,0.5833333333333334,Surprise,39,Prototype
159,SurprisePrototype4,0.05555555555555555,Surprise,40,Prototype
160,SurpriseBO1,0.5833333333333334,Surprise,1,BO
161,SurpriseBO1,0.25,Surprise,2,BO
162,SurpriseBO1,0.42857142857142855,Surprise,3,BO
163,SurpriseBO1,0.24,Surprise,4,BO
164,SurpriseBO1,0.38461538461538464,Surprise,5,BO
165,SurpriseBO1,0.2631578947368421,Surprise,6,BO
166,SurpriseBO1,0.20833333333333334,Surprise,7,BO
167,SurpriseBO1,0.4166666666666667,Surprise,8,BO
168,SurpriseBO1,0.21052631578947367,Surprise,9,BO
169,SurpriseBO1,0.3333333333333333,Surprise,10,BO
170,SurpriseBO1,0.3333333333333333,Surprise,11,BO
171,SurpriseBO1,0.3333333333333333,Surprise,12,BO
172,SurpriseBO1,0.375,Surprise,13,BO
173,SurpriseBO1,0.4,Surprise,14,BO
174,SurpriseBO1,0.5454545454545454,Surprise,15,BO
175,SurpriseBO1,0.3333333333333333,Surprise,16,BO
176,SurpriseBO1,0.36363636363636365,Surprise,17,BO
177,SurpriseBO1,0.2631578947368421,Surprise,18,BO
178,SurpriseBO1,0.5384615384615384,Surprise,19,BO
179,SurpriseBO1,0.5454545454545454,Surprise,20,BO
180,SurpriseBO1,0.3125,Surprise,21,BO
181,SurpriseBO1,0.3125,Surprise,22,BO
182,SurpriseBO1,0.3125,Surprise,23,BO
183,SurpriseBO1,0.45454545454545453,Surprise,24,BO
184,SurpriseBO1,0.5,Surprise,25,BO
185,SurpriseBO1,0.375,Surprise,26,BO
186,SurpriseBO1,0.375,Surprise,27,BO
187,SurpriseBO1,0.25,Surprise,28,BO
188,SurpriseBO1,0.16,Surprise,29,BO
189,SurpriseBO1,0.2777777777777778,Surprise,30,BO
190,SurpriseBO1,0.20833333333333334,Surprise,31,BO
191,SurpriseBO1,0.35,Surprise,32,BO
192,SurpriseBO1,0.21428571428571427,Surprise,33,BO
193,SurpriseBO1,0.3076923076923077,Surprise,34,BO
194,SurpriseBO1,0.3,Surprise,35,BO
195,SurpriseBO1,0.16666666666666666,Surprise,36,BO
196,SurpriseBO1,0.3333333333333333,Surprise,37,BO
197,SurpriseBO1,0.2,Surprise,38,BO
198,SurpriseBO1,0.5,Surprise,39,BO
199,SurpriseBO1,0.4444444444444444,Surprise,40,BO
200,SurpriseBO2,0.5833333333333334,Surprise,1,BO
201,SurpriseBO2,0.2857142857142857,Surprise,2,BO
202,SurpriseBO2,0.46153846153846156,Surprise,3,BO
203,SurpriseBO2,0.24,Surprise,4,BO
204,SurpriseBO2,0.42857142857142855,Surprise,5,BO
205,SurpriseBO2,0.29411764705882354,Surprise,6,BO
206,SurpriseBO2,0.2,Surprise,7,BO
207,SurpriseBO2,0.5,Surprise,8,BO
208,SurpriseBO2,0.2,Surprise,9,BO
209,SurpriseBO2,0.45454545454545453,Surprise,10,BO
210,SurpriseBO2,0.5,Surprise,11,BO
211,SurpriseBO2,0.4,Surprise,12,BO
212,SurpriseBO2,0.4444444444444444,Surprise,13,BO
213,SurpriseBO2,0.4666666666666667,Surprise,14,BO
214,SurpriseBO2,0.5833333333333334,Surprise,15,BO
215,SurpriseBO2,0.23809523809523808,Surprise,16,BO
216,SurpriseBO2,0.2857142857142857,Surprise,17,BO
217,SurpriseBO2,0.2777777777777778,Surprise,18,BO
218,SurpriseBO2,0.5384615384615384,Surprise,19,BO
219,SurpriseBO2,0.5454545454545454,Surprise,20,BO
220,SurpriseBO2,0.2857142857142857,Surprise,21,BO
221,SurpriseBO2,0.3333333333333333,Surprise,22,BO
222,SurpriseBO2,0.35714285714285715,Surprise,23,BO
223,SurpriseBO2,0.3333333333333333,Surprise,24,BO
224,SurpriseBO2,0.4444444444444444,Surprise,25,BO
225,SurpriseBO2,0.4375,Surprise,26,BO
226,SurpriseBO2,0.375,Surprise,27,BO
227,SurpriseBO2,0.30434782608695654,Surprise,28,BO
228,SurpriseBO2,0.19230769230769232,Surprise,29,BO
229,SurpriseBO2,0.2727272727272727,Surprise,30,BO
230,SurpriseBO2,0.30434782608695654,Surprise,31,BO
231,SurpriseBO2,0.3684210526315789,Surprise,32,BO
232,SurpriseBO2,0.2,Surprise,33,BO
233,SurpriseBO2,0.5833333333333334,Surprise,34,BO
234,SurpriseBO2,0.3,Surprise,35,BO
235,SurpriseBO2,0.5,Surprise,36,BO
236,SurpriseBO2,0.375,Surprise,37,BO
237,SurpriseBO2,0.13636363636363635,Surprise,38,BO
238,SurpriseBO2,0.5833333333333334,Surprise,39,BO
239,SurpriseBO2,0.4375,Surprise,40,BO
240,SurpriseBO3,0.07692307692307693,Surprise,1,BO
241,SurpriseBO3,0.29411764705882354,Surprise,2,BO
242,SurpriseBO3,0.38461538461538464,Surprise,3,BO
243,SurpriseBO3,0.13636363636363635,Surprise,4,BO
244,SurpriseBO3,0.38461538461538464,Surprise,5,BO
245,SurpriseBO3,0.2631578947368421,Surprise,6,BO
246,SurpriseBO3,0.19047619047619047,Surprise,7,BO
247,SurpriseBO3,0.5,Surprise,8,BO
248,SurpriseBO3,0.2222222222222222,Surprise,9,BO
249,SurpriseBO3,0.14285714285714285,Surprise,10,BO
250,SurpriseBO3,0.375,Surprise,11,BO
251,SurpriseBO3,0.3125,Surprise,12,BO
252,SurpriseBO3,0.375,Surprise,13,BO
253,SurpriseBO3,0.4,Surprise,14,BO
254,SurpriseBO3,0.4666666666666667,Surprise,15,BO
255,SurpriseBO3,0.15384615384615385,Surprise,16,BO
256,SurpriseBO3,0.4444444444444444,Surprise,17,BO
257,SurpriseBO3,0.2777777777777778,Surprise,18,BO
258,SurpriseBO3,0.42857142857142855,Surprise,19,BO
259,SurpriseBO3,0.5454545454545454,Surprise,20,BO
260,SurpriseBO3,0.26666666666666666,Surprise,21,BO
261,SurpriseBO3,0.3125,Surprise,22,BO
262,SurpriseBO3,0.2777777777777778,Surprise,23,BO
263,SurpriseBO3,0.3076923076923077,Surprise,24,BO
264,SurpriseBO3,0.4444444444444444,Surprise,25,BO
265,SurpriseBO3,0.3333333333333333,Surprise,26,BO
266,SurpriseBO3,0.4375,Surprise,27,BO
267,SurpriseBO3,0.21739130434782608,Surprise,28,BO
268,SurpriseBO3,0.14814814814814814,Surprise,29,BO
269,SurpriseBO3,0.3,Surprise,30,BO
270,SurpriseBO3,0.22727272727272727,Surprise,31,BO
271,SurpriseBO3,0.35,Surprise,32,BO
272,SurpriseBO3,0.35714285714285715,Surprise,33,BO
273,SurpriseBO3,0.38461538461538464,Surprise,34,BO
274,SurpriseBO3,0.2857142857142857,Surprise,35,BO
275,SurpriseBO3,0.2,Surprise,36,BO
276,SurpriseBO3,0.5,Surprise,37,BO
277,SurpriseBO3,0.20833333333333334,Surprise,38,BO
278,SurpriseBO3,0.4166666666666667,Surprise,39,BO
279,SurpriseBO3,0.4444444444444444,Surprise,40,BO
280,SurpriseBO4,0.5833333333333334,Surprise,1,BO
281,SurpriseBO4,0.3157894736842105,Surprise,2,BO
282,SurpriseBO4,0.5,Surprise,3,BO
283,SurpriseBO4,0.2,Surprise,4,BO
284,SurpriseBO4,0.42857142857142855,Surprise,5,BO
285,SurpriseBO4,0.29411764705882354,Surprise,6,BO
286,SurpriseBO4,0.21739130434782608,Surprise,7,BO
287,SurpriseBO4,0.5833333333333334,Surprise,8,BO
288,SurpriseBO4,0.2222222222222222,Surprise,9,BO
289,SurpriseBO4,0.3333333333333333,Surprise,10,BO
290,SurpriseBO4,0.46153846153846156,Surprise,11,BO
291,SurpriseBO4,0.35294117647058826,Surprise,12,BO
292,SurpriseBO4,0.375,Surprise,13,BO
293,SurpriseBO4,0.4666666666666667,Surprise,14,BO
294,SurpriseBO4,0.5833333333333334,Surprise,15,BO
295,SurpriseBO4,0.25,Surprise,16,BO
296,SurpriseBO4,0.4166666666666667,Surprise,17,BO
297,SurpriseBO4,0.2631578947368421,Surprise,18,BO
298,SurpriseBO4,0.5,Surprise,19,BO
299,SurpriseBO4,0.5833333333333334,Surprise,20,BO
300,SurpriseBO4,0.2631578947368421,Surprise,21,BO
301,SurpriseBO4,0.3125,Surprise,22,BO
302,SurpriseBO4,0.3125,Surprise,23,BO
303,SurpriseBO4,0.3333333333333333,Surprise,24,BO
304,SurpriseBO4,0.4444444444444444,Surprise,25,BO
305,SurpriseBO4,0.4166666666666667,Surprise,26,BO
306,SurpriseBO4,0.5454545454545454,Surprise,27,BO
307,SurpriseBO4,0.23076923076923078,Surprise,28,BO
308,SurpriseBO4,0.16,Surprise,29,BO
309,SurpriseBO4,0.2857142857142857,Surprise,30,BO
310,SurpriseBO4,0.25,Surprise,31,BO
311,SurpriseBO4,0.375,Surprise,32,BO
312,SurpriseBO4,0.3076923076923077,Surprise,33,BO
313,SurpriseBO4,0.5833333333333334,Surprise,34,BO
314,SurpriseBO4,0.3157894736842105,Surprise,35,BO
315,SurpriseBO4,0.2631578947368421,Surprise,36,BO
316,SurpriseBO4,0.4166666666666667,Surprise,37,BO
317,SurpriseBO4,0.25,Surprise,38,BO
318,SurpriseBO4,0.5833333333333334,Surprise,39,BO
319,SurpriseBO4,0.5,Surprise,40,BO
